kol_id,influence_potential_score,rank
d7f116e3-475e-47de-b1e8-13625ad7a870,21.054985961898165,1
9cdc7270-3dcb-466f-8139-bbb6797f091b,13.991130922435055,2
4699feb3-f82f-4fed-9f50-197ba835840e,13.611901853915963,3
ed075f32-aef2-45a1-b30f-4590cd6f0baf,13.528025184446278,4
2700eb0b-7817-4b9e-a9c2-4278e5e597fd,13.080497731412546,5
5c12cdc9-9ff5-44b9-abf4-248535e5c139,12.4728205404976,6
069ebe9c-399e-4e28-a751-3735b816a1ca,11.785946284004794,7
d555dacd-c315-422c-92a0-f0a43582de9a,11.76157216089338,8
2f53441f-b1f2-488d-93b9-5088ea048a6e,11.481219460038151,9
0cfb3ce1-162b-4e1a-94ba-f2a8e9f20cd1,11.449024679683268,10
20d1a1b3-9ffd-432c-8aef-b14029e6e2e4,11.212016688942256,11
3e2fe2fe-f127-4105-9235-5b5cb3753554,11.130575691605445,12
1dc4947d-ba71-4a11-aeaf-e3063df5f5d8,11.080580380649634,13
1e8bfe0e-b45b-4de7-9d23-6dff03ec4add,10.918323273809602,14
9dde8e73-accf-4a73-bed4-5d909bdc5b7a,10.788676377232099,15
b7b4b3e0-9137-4200-b5a5-f78523e977dd,10.698486250743924,16
286e13d2-bdcb-4b3f-8e9a-fea52b45eef1,10.642014225317517,17
1394cfac-55a3-42e5-a9fa-101b6573c7b7,10.315250530680585,18
9f68ac47-21c4-461d-841e-07c004269ae7,10.255912883216437,19
abbf9fb2-8099-435c-801a-a3f6fe82a4b5,10.241999054602596,20
042e7f35-0881-4213-8934-6f0cc15e4186,10.17439067207583,21
3843ea18-6dfa-476c-aa45-ad917e7b4caf,10.06310669267005,22
c82d7753-c088-4d4a-a51c-4b5ab35ef9eb,9.936428258431055,23
6ee2b94d-5a00-4314-82dc-3773e2cb11f3,9.691030247415275,24
99ba30d7-8328-4dcf-a2d2-f957509a41f5,9.66677395695104,25
e665f4b4-62b3-4feb-be67-d66c1a880b49,9.656902510881043,26
7974701f-aa05-4aaa-a081-aed583150625,9.53243344291115,27
32aac458-28a9-4354-b63a-af49bf4eb562,9.210580101300403,28
fa9ec7da-3608-495f-a6bb-d9dab846a7a5,9.065740701267075,29
ad94edde-9f03-4daf-a415-b36758a52aaf,9.06355310679321,30
e1e4b004-49ae-48dd-8971-049c498d0569,9.055164197385459,31
f68b04a2-41c0-4567-9c16-1e3bd2d993ce,9.01400037423213,32
0ef4afe9-f379-47ab-948c-6cd335f4880d,8.939844728004122,33
61248c7b-6c8b-41a2-b982-97282108be3d,8.913546185850043,34
6dfa49a3-0c7c-4c94-b038-fc74b8dc17d4,8.825706790734205,35
7cd8ec6c-3fe7-4718-91df-589228decf67,8.800799521292298,36
0e813581-d9a4-4f7e-9aad-8185a284fa13,8.74477046527733,37
7337474b-a26e-49bb-ad39-190e6372de15,8.568897508289238,38
7c2ab22a-e22c-4059-b23b-ff739e44abff,8.4909030469238,39
1ae23881-cce8-47e7-913f-1e0b553a9cbc,8.489220456229395,40
23f99692-fa0d-40e7-a1b6-3fa2926d2860,8.479991211733847,41
77a58e57-28c9-4e8a-ab45-4eea9b9032ce,8.393829837704574,42
6e3f6374-afc0-4645-b455-5f3e44bffbe7,8.379199365761457,43
c75a504d-efd1-4f83-9078-52d621485ee0,8.363810490012478,44
4c72d819-9472-4497-ac13-acf1b40149e6,8.3480851753685,45
0d6eee53-f296-4903-a993-1eb4028faff9,8.33320824572214,46
c9d7a634-efde-4c77-b345-51dd4825a7f6,8.323527110287703,47
9514c7f8-cf0d-4229-806f-e93b8495a806,8.265193133827767,48
fc2382dd-4e3b-4cfe-a476-fdf069a427b5,8.237644547818045,49
bf491907-8254-4ada-a140-7a8154ff26bd,8.062407162817932,50
31e4d2ea-8bc7-4c76-95cc-0f6c36bfc578,8.032040016424652,51
632fbe64-02f4-4e1e-b498-e9b1ff5039bd,8.02991969287182,52
5e47e747-8a68-4cf4-931d-96fb227bf93e,7.971202412497357,53
d2bc3caa-7ab3-4cf0-ae74-46d079bf7540,7.96101221339629,54
7e418cc6-f71a-4605-aa78-cbf28fc552e0,7.873550822664551,55
d4a1ac46-3432-4ea9-be46-e0bc3d7a3339,7.872924576300339,56
36cf539d-d19e-4cba-8998-3a29a3f6580d,7.851223805810868,57
8b07960e-eeff-4d40-a578-62dc38ca4373,7.848285814420881,58
dc5b0f0b-c114-4a5e-88a6-2954994f3f6d,7.804606359720685,59
051ffe64-4063-46fe-8f62-c15d22360737,7.7851724004176726,60
ba6c78ec-28fd-4094-add9-372578f2d8a8,7.77942620942808,61
e5ad57e6-aaa4-4317-8829-46acadfb1665,7.763997809870752,62
aab7848a-be88-47e3-b8d0-65ee1013cfa1,7.752804284006152,63
a7f312aa-14e8-4690-8010-e26fe681d914,7.747123326191597,64
ca31995c-01f3-4133-a82f-cdc1918da7db,7.734146904212298,65
9e2f2b87-3aa1-4158-9cd6-43761f23154e,7.70766740970351,66
ac3871de-b4f9-4712-a445-706f615bd6b6,7.644169494800785,67
1f54d2dd-df0e-4198-9923-84d93b08d33e,7.629647360680635,68
917eeb5b-aa2f-4a36-9757-65b8fd809309,7.613136034301188,69
f5edc1e5-5532-41d5-a6e2-1a5d01639b77,7.5941904799013455,70
a40ab794-d5e7-4992-b6d2-8ee00c2a304e,7.5564416155253475,71
26cc7402-0d77-49d4-904e-439ae13362a2,7.547343213206616,72
fc3e8576-bbd6-4df7-bed1-01f5b918f486,7.541539064116058,73
a8492b0e-1c7d-4cfb-b103-71f05f7b6c60,7.540245858533621,74
b81441b1-f3c9-410f-999b-9147ceb7a99b,7.5381973428128735,75
7d2c2a0c-2297-4e63-b6b1-ca94b3d24fef,7.532867462004701,76
b37300f9-280a-4dd9-bda9-e2c867e73fd0,7.512850899749869,77
ea0f0945-aa34-4e24-8719-d88e638f8e89,7.464644320926301,78
0315ae9d-1705-4072-a8d9-fd880560f115,7.430884105633463,79
82b21304-fc84-4789-8286-fcb2b4017f17,7.4088713346685635,80
a6e24b1a-85c6-41c9-9fd6-50fc6ce39b7c,7.3816052149514055,81
42ea19e0-c6bc-4fb3-a19b-a94b037cca2f,7.377540855325226,82
fe3b150e-11d0-4285-92ec-e9d29cd533a5,7.363283014785728,83
3a35b858-a0f9-44a8-acc2-317e92e52a99,7.295618074343042,84
9979f8dd-e0a2-4460-954b-1fa353ab7986,7.289812067757728,85
61e02dc5-5cc1-4ad8-a5ca-4dbc09c02538,7.285543437063457,86
6db2870d-6e58-4865-9752-aca78d484973,7.278137279171832,87
a953efbb-2cae-490e-8e0a-f1289d567ff3,7.259789520128907,88
2911bb74-36c8-4b61-8b70-f329ab9dbdd0,7.232823347823509,89
0e61b6a7-11ca-41ab-b5d4-304053ac7130,7.2228835946255385,90
1c751fb8-f649-4fe1-bddd-e2b5af01a633,7.220738973712923,91
fcaf0d98-ec89-4da5-ab19-baa41dfe9045,7.1977305340427735,92
a0df83ba-de48-4206-bf20-0b37b312de75,7.193592494734577,93
3fd0986e-136c-44fa-9724-545ae1184a51,7.188452879020012,94
dd983c72-8b16-4c02-80d0-3c592ec472a1,7.1451404773628475,95
19888b21-6fbb-4f5a-898f-93ba54b0b639,7.14343046898016,96
9fc5b6b9-2bcf-4097-a8cc-391f7d158bc1,7.126084549051204,97
6737126e-56fc-496b-ba69-fff0915a2999,7.123381401560782,98
bc0c139d-6d78-49c3-ab82-94b3c099a733,7.120515935755256,99
23d4cb76-5fca-4fff-8559-bf468d7f38e3,7.093728013374729,100
183b056d-8f76-477b-abf9-c5fc29d26c98,7.091486981484482,101
717e1f23-17d1-4420-8e83-b91320048826,7.030376878742731,102
50ea561b-4289-4fc4-b2fa-f2981a29f3de,7.029875015525981,103
386d6c87-108c-4920-b597-f333e360b770,7.0269638939385155,104
e41282af-2624-407d-8a36-6128b6cd2d71,7.018697723732114,105
ad82fbda-5785-4edf-bac1-9db335d0ae30,7.016751985253575,106
3f761f7b-3d56-48cb-becf-ef2c7e05cf97,7.009011870090412,107
c403a7c4-0261-474a-9a04-e059b25f8d85,6.997981489398723,108
d9ef03d0-4bfb-4325-b208-8ee5ea463963,6.992433905592447,109
66ce0771-1962-43d7-9e40-acdc7360f1c0,6.977938095037182,110
a1b8cf84-96b5-490f-b47e-331c4bba2d25,6.968950859065401,111
eccd5167-51a7-43d6-818a-04eee7a401c5,6.94883262698328,112
dec43a97-4681-470d-8f7b-359ff5261312,6.939174904682821,113
a205b8b8-702b-4b41-beda-ce9d09a5f378,6.936562442897918,114
1b17188d-ad66-4cc2-a1cd-469b72a7d495,6.928722596189334,115
f641d922-3b14-4df7-ab4d-7a4ac1abdaf1,6.926010307226277,116
a2ab91d3-5c47-4c1b-85bd-deca271f21d3,6.872250047384981,117
dce4b27f-e054-4f1e-add8-92e6561c626b,6.8537498750730474,118
2cae4c69-66ef-4669-9b8b-a4bc17098067,6.844836381087636,119
eabb8dfd-1e01-427e-86e0-e95d9131fc05,6.815980928529732,120
9cc00936-5644-4fec-ab21-d1e6914eedd7,6.79942711162847,121
fa2387cd-c668-40e7-8608-eb85a753ca35,6.793565127653671,122
635ca9fe-b08e-43e2-ba26-faf6f57aba20,6.758114735506449,123
437108fd-fa93-4846-9448-1ea9393b7754,6.755859122396132,124
21dca992-e496-4321-acda-87ec265984d9,6.748267010109798,125
1d4c3d07-74f9-476b-bb10-b1dc48215b63,6.735571716884749,126
c33305e1-3620-43ba-bd11-5782d4fdecd1,6.728706338419109,127
50cac303-a80b-4dac-8545-7cdeee62ff26,6.711278665448105,128
45eef410-ecc6-470d-bd01-e2936096c1f6,6.680772736351238,129
cff223ef-1bbc-4e96-bc46-773a52815111,6.673615508488891,130
bc4c3f03-aad0-4d72-a2ff-266e7704791f,6.668521212559844,131
249c4b34-a7fa-455e-8997-52f5675fc682,6.6605763245864855,132
5d48f3d8-37af-4195-bba0-7e070d50e512,6.6575788027359835,133
9f1a27cb-ceb4-498f-8bdc-589f888ed8c5,6.65478573937451,134
25282d56-0a02-4d3e-9f57-7d0f53ac492d,6.609966890582852,135
0cc90fab-33b8-4d39-849c-f63a90328636,6.607038351271981,136
4542fae3-2869-47df-914e-6d20c8c733b1,6.598228219738403,137
ff84d7d9-5266-4cca-8d27-2dc705a56f61,6.595616719238278,138
2baaa762-6750-48a2-a446-967987ffded4,6.589831231275557,139
b874579c-2964-415e-bc62-1c37f3a04fbf,6.587137265066464,140
a6bee6bc-a827-49cf-b1db-90f7ecadb0a7,6.5674543219582775,141
1a390ca7-92db-46b8-a15f-aa155fad91dd,6.5615541881889445,142
09931d0c-88fd-4a63-83a9-f9dee08cf68f,6.561090511654277,143
59cf0eb2-09ef-4829-b004-76fbe0736eae,6.555104675883217,144
c1e3df79-fe9b-4b1a-baaa-3270e3b37a1c,6.554442602221675,145
8d1e44e8-275b-4a53-928f-fec7e08339df,6.551862513737776,146
f8412b33-f953-4e54-aa60-386c70660a3c,6.546259864459185,147
d1664de0-2bc5-4d53-88d4-82e5d4c2c121,6.536470327395548,148
fdfcc304-41de-42e5-b4d1-75b8504e625d,6.516841530190209,149
a3d14914-99fa-4655-9576-a6878ee5ca4f,6.508713714191414,150
514e48e2-1cdb-45c2-8d01-5ae449c2adc8,6.503148924491969,151
b1fd6a1d-756e-423b-9b88-331c1cea61c6,6.489782664284504,152
11a15cc6-a82c-46b6-ae1a-c68cdbcfb98b,6.479788075228961,153
4b827907-b64c-4163-990c-f113a1e448dc,6.476774249108124,154
ab9d4937-78b9-488e-a46d-b6876a6e2e2d,6.468404287862539,155
40b27315-a1cc-4dd5-b457-76545c9108a1,6.442572518060173,156
0ebaa2d5-6113-4ded-b8bd-f64a1b2eac1a,6.429453021841342,157
3f53f568-671e-40f9-aa3c-89ddb1f46c4a,6.427048979934045,158
a30dc3b4-36d1-4469-adeb-1b683f9d12fd,6.425481175041914,159
d56554d9-3cbd-4e8d-88a9-4b434b4c9716,6.421089445925102,160
6fdc0664-9a02-4408-9e73-a94b973f5d05,6.415676457529193,161
446c4559-91b6-4526-84a0-603ec4125bc4,6.411465608779097,162
a589fe50-5717-4c2b-af33-2034c11a6b5f,6.406462723740457,163
bf120386-e55e-4635-8b57-5eda03f8ba7a,6.400947663433695,164
22cca810-b4db-4dbd-a041-a3b08b8bed23,6.39885517203315,165
5498fd03-2e40-4d5f-bff0-16bc8a45f452,6.362112353989023,166
b514da94-aa3c-46b0-baa8-8e67e1d723ff,6.339144124673065,167
93208d68-66a1-4cd5-8789-5db8e7fcb0c4,6.324362196137987,168
af1fa0ac-b974-4e09-8112-f23abf851b66,6.319124966551357,169
1df9f90f-a54c-4958-98c8-0e744cff3afa,6.309290191281809,170
e7adc60e-20ae-4108-940e-30a4563bc397,6.300942002247985,171
c339368a-9cc3-4798-bd23-5adc3cd10b0b,6.299350639509644,172
dc4de692-57ff-444a-87b5-529759223045,6.295548072776444,173
741e4144-5e10-45a0-93e4-8ab8ad19aec3,6.2880946508084925,174
26846be1-9ae5-43de-8708-d50351df6db8,6.283295895276721,175
3b9a980c-a2aa-47cc-97dc-2967a0ab4b18,6.2797169965080295,176
99bfb931-0871-446d-8e83-35207f540d88,6.26121212641235,177
b3a01f8a-86d2-4f97-b097-55f00c55d1a7,6.260685363191456,178
4cbc5b25-1a7e-4181-94eb-105c7eb0e7cf,6.249986602698895,179
d9ad862a-390d-4c27-82a8-25db0af424f8,6.240088959292983,180
819b3629-5d67-4325-93e2-b1d5ba41a36b,6.214594704486556,181
43f3bdf3-2db5-49cb-bc60-7ebc7ab6bedc,6.208811776471648,182
db72d124-2d8b-4e08-b69f-7ff28df1346d,6.196507196092007,183
bcbe642b-5243-4362-ace2-8e43043d0396,6.194365281852525,184
a0e5a549-199e-4504-989f-eb60ff47b92a,6.192385640682705,185
741f2a98-610d-4216-b84f-60fa24677a75,6.185299839810462,186
7fa11446-76fa-472a-8bd2-4ffb13d99d0f,6.175818917215045,187
cd7d1d18-92bd-475e-8ceb-2c40dcef7f63,6.173280159974608,188
14545146-1410-428c-b0cf-d88ffeaa908d,6.170986462749746,189
2e48c51a-8978-42f3-ba86-b16b621cf39a,6.165167115884847,190
04477a45-3d67-4864-8e8e-e051d7e66419,6.158666869814654,191
f02c094e-8122-463b-9c62-5fae66c1610a,6.150556129373292,192
58fc7aea-075c-4266-9b53-693075a5557e,6.137045976798651,193
93102d51-0d63-41fb-8196-faeef1dd7d48,6.136900802184948,194
027a167a-1b05-4025-b8c0-7964ff9aee26,6.1317815596872025,195
db10453d-3336-4180-9f9f-53c12ae203cf,6.101283617538309,196
746059b6-87bd-4f3e-8081-2a0b690b5f16,6.094625269207835,197
bda19127-2da6-46be-bd70-4bbe10916de1,6.09330020098653,198
3e041127-6b7f-4c69-b83f-009ecfc9986a,6.091064490772591,199
22e0ad86-a1cf-4967-933c-b13aefa6daa3,6.090130099505953,200
517ccd54-28b3-4779-918b-efd997ed56e8,6.083679438628929,201
efc7deb0-b0c5-49dd-90da-4eac6544759c,6.071415858943022,202
760e6b8f-6f3e-448a-b834-f98bc6e13f22,6.069600415018787,203
14636878-a66a-4229-bdda-fff766475deb,6.068025243153234,204
260bc88c-5c24-42dc-81ae-3be5a90fd25d,6.066584321143488,205
48965780-5a44-400d-a26d-5d701ecceb51,6.065171686427919,206
bca23da6-f231-46d7-9188-164de41e4c59,6.062149666908397,207
43a93e54-d4e2-4b1f-9fb4-557621cf4eda,6.060015483224515,208
6c7290a5-e365-4512-8fe6-d68f50aa88b1,6.04638035678102,209
9f7e550a-a89e-4327-ba2c-46c8426b5715,6.040063775228175,210
a43f34c9-a03a-46e3-a69c-eb957aae0f55,6.028292512947299,211
52211a2f-80ea-4885-8b23-46912946eadc,6.025712018691063,212
5e0ce8e7-6308-43ad-b88a-48dae68986d5,6.025168235778217,213
f72e2619-8ea3-466a-bd52-4425adec36c7,6.001893984693021,214
84a4cd96-ea31-4000-a15c-7b5ab8417be9,5.984378156741802,215
9734e38b-5b5a-4136-9e8a-74186513c323,5.982733864939109,216
2973497a-a50f-43f4-b34e-93c55f97ec45,5.968531368473518,217
8d785542-d2e7-4889-9049-07043b0a6f4a,5.967597051504725,218
300e03e7-681a-490a-9a81-6754172c9317,5.951054133917693,219
49d8f3b1-a779-4aae-890e-e65140ca6ebf,5.944073643473491,220
c33eb90e-f3c5-402a-80bc-2c899a96d415,5.9413743155942305,221
31be7e6d-251e-4f05-b57a-5248c747992f,5.935745337301898,222
4f8538fc-f13c-45f1-8d2b-5cb6868b18b4,5.9353519536914465,223
72763f87-f6c3-4c15-b750-d83d7194a278,5.934698375303683,224
1ff50e3a-90d0-4f4a-9070-94083bd95c93,5.928595807640616,225
2106a48d-d1e3-4d55-995a-4901ce5f6a5b,5.918403821560434,226
bbcf9ea9-2cea-4174-8346-41ae70b10060,5.917595299840704,227
c4494824-3bfe-48bd-a40b-33c7b30dd8c0,5.9161906972962885,228
320bb5cf-c248-434b-ad08-9fc87e75263e,5.915257782080045,229
e1903f11-5e91-4fee-aeb1-d9df6461a733,5.911736883323621,230
f7406d58-a114-48cf-99da-4f3995f389d9,5.90994205594665,231
66770d7a-b11e-447b-b2a5-468c0bc45209,5.908911600407299,232
88378656-0dc7-4885-87b6-596b3e586c1f,5.906351169964165,233
71632b8f-361b-49ff-a4e9-9555c4282c61,5.903799736830489,234
cee95ef4-96bd-41c5-a2fe-73025dfbf4e8,5.9008944190534685,235
3fcb2eb0-5b31-4a18-a8ee-71040a2566da,5.900439374138961,236
52ba96b0-3aa9-42d4-8d12-5c148b54dc57,5.888962425134642,237
d8a1aa48-30b9-4158-8e93-df27080b35ac,5.88079278835177,238
bcd64c3f-96dc-4387-8940-815a4b6ad877,5.879900977683803,239
db0650f5-33ab-4cdd-8083-b721ae12c4fa,5.870481775335687,240
109d95ea-3255-4a99-a4d3-1d53a061aba8,5.850700028955358,241
35217fd6-4aa3-4f14-85d9-9ba39cde687e,5.8364984835870715,242
69dfb9ac-cbf5-4b6f-b9ee-3956e0837037,5.822496145958218,243
be17418a-3c2e-445f-bcf2-bdd2956184d4,5.81094635601147,244
b75e1b6f-5548-49d2-96c4-92c9e1589746,5.808826409047084,245
56cb0258-6b7c-4937-b796-23c59e0c85a1,5.807879392860186,246
1a12a918-ec76-43df-a1f7-8a30fd584246,5.804083429418843,247
c92695b9-88aa-4df1-8b00-14e6356057cd,5.8006744285087075,248
343b8554-96f5-488f-bb41-b282a73df532,5.797854117596004,249
c3079f7f-bd0b-4831-8bba-d1f669c670d7,5.780882293885266,250
d99ae838-6338-42bd-b071-c17fc1cd6d6a,5.779400447878569,251
806a8f01-1fcb-425e-95cc-9d722ad1131b,5.778236995645701,252
097867df-92ba-4043-8736-1675a0aa38fe,5.7671651314494445,253
db19b1e7-7491-4a4b-baa4-c81e6c791307,5.755013704364124,254
bb2e56c5-33a6-4225-9d7b-2b11f22a8621,5.754428393990074,255
9d050274-7e97-4b5e-bf9e-9b5ac3214601,5.752454040573219,256
9dfbc3ce-2c93-468c-a9e0-a7b6974d1677,5.749597347437384,257
5c7e35e8-a7b8-43aa-a877-cff2fdae59f3,5.744269957514067,258
51c87d16-680a-450a-9b97-dfa98b9ad0c5,5.744031812428935,259
3f721739-b43d-48c7-8e0d-1c7b829cef9d,5.732775763298846,260
27b51ff7-f01e-4854-990d-9f429400e2f1,5.731137680035392,261
dc651ffc-de95-4e8b-bde4-c1f4cf038683,5.716571742190295,262
5f50210a-e185-4535-b5c9-cc3a45d2e2c9,5.709728108643404,263
948e7b10-e556-4ca5-90fc-e2fdd644a37d,5.703098341324426,264
d8ef6af5-8159-42d5-81cb-9f6161325845,5.69880906474401,265
2972fd3a-d502-4a48-a8bb-9915c8c79662,5.691053123099207,266
114c04d8-e35e-4d99-b0aa-c350a8d06233,5.689086134262338,267
5165e14f-e27e-44d8-a607-3bc10c44e627,5.687443179806103,268
199de88d-5b99-4afc-8ef3-205e5b089446,5.683903350589512,269
99638c46-3da9-4db0-9843-17ecbd4fb9c4,5.680275734912062,270
5ccbe465-b632-4bf5-86f1-2de266ad35c7,5.676370179401097,271
e7f28de4-f105-404f-a70b-1aae4a23be10,5.675855447002599,272
7b9e1103-78ed-4188-b3e4-f766f967796f,5.659370611318438,273
1c4f327c-264e-4691-a2e9-fd1cf5b8870e,5.658630497307141,274
a83c230f-af22-4459-a260-622dd9af34ee,5.64397510409434,275
2a47a544-06ca-4476-9c97-0cb8d74beefd,5.643467571430294,276
2d3ee832-45fc-4408-a031-2ab94214d6d3,5.631730560166395,277
a79fad5f-0a6f-42f0-9151-6ac8655b3bd5,5.6302931701606465,278
ac7c233d-e73c-4a49-a963-b2f408197eb1,5.627197799811549,279
c2751861-63d1-4cd7-bdcf-0bce418f592d,5.624461593758956,280
4c72cb79-80fa-4f6d-9574-d69b2d44980e,5.620598296191488,281
4a37b02f-9841-4689-88fe-f3f3102405a1,5.61534777587702,282
7a4d0f5c-02a1-43fd-83e3-e25a7f9cd965,5.609236548838915,283
bf47e9db-05a4-4171-a5ef-f39838e18b63,5.608313811277328,284
30447fc3-f2e9-47ba-99a8-c17fddb032fd,5.60375312643509,285
e0efd739-9c4d-421f-86bc-54c260ed6ef0,5.603570163020886,286
b36ef87b-b41c-448e-b373-94c10573b265,5.601893740559376,287
2231c42d-c5d2-4ef5-b6e7-8f06eb538bf6,5.591439776828647,288
dda62777-6b75-4c7a-a40d-265d0e092034,5.583475910740272,289
942497ed-6a56-43a5-b50e-988781ffee41,5.58102058567885,290
8c5d2bef-064c-4d8c-b04e-e73dd0fcd047,5.564812936875449,291
37b35067-d9b0-4242-8c75-2b9497b1f8e6,5.559704911249718,292
7c70a2b1-8a41-43cf-9331-0d225d32847b,5.552388130224781,293
7b0ce141-3ea0-4ab2-a48f-2ea5863c113f,5.551406011034163,294
53c386db-bdca-434c-a3a2-d989c814b70e,5.548478141131846,295
ae8ce8e0-8ec4-4e3c-9efc-07ee2b1efa52,5.537762342706148,296
50c467cb-a601-4b84-9cb2-9960eedf7eb7,5.533105001218762,297
432b1c0e-47de-4223-b9f4-bab3d3e43a90,5.531370081359344,298
3dd405cc-ae3c-45ba-8559-41d22693cd13,5.526343813536085,299
b7e5573f-d829-4ae8-a653-37e629252fff,5.523949583547703,300
eda7f260-e918-4cde-962e-03e2668bd95c,5.522277430033429,301
2d6c83bb-c854-4889-8f75-7cd68c757976,5.518707653743952,302
6896f67d-8bea-4485-8fcd-954fce910ace,5.517158823036812,303
7a4b2b8d-9ff1-4674-be1d-95cc847c1b25,5.515849552813749,304
7cbaa16d-96ae-4c1f-a75c-48b6baf1f5f5,5.5144426006934175,305
bd00e704-204f-4b1c-ba5a-aa8d00ca4dab,5.5116672073208735,306
e8b9eabe-dd1d-4172-b771-ab83619bd4fe,5.509746043975346,307
0bfdf32c-4218-46ae-9154-4a7fbe1da37e,5.5092939444235185,308
9fb5e69e-f360-460d-8f19-0b9b4c63c7e7,5.506486625689529,309
dddf8d8b-ebd3-4df8-b87f-c530fe6c8b75,5.5038629476309575,310
94c21efc-31cf-4fd9-82f2-4aed1075438f,5.4981521662451005,311
4118b2da-605e-468b-ae32-edbb881921e6,5.4975226033612765,312
29fd7070-ebbf-4e6e-b9f4-469fb4c5fa3a,5.480259564114376,313
d5fee8b0-dfd2-4492-83f2-c1245578c8e0,5.477915298506622,314
4831da59-34c7-42ef-ae11-09a9e3ac551d,5.4709364163219485,315
35c6fbf5-c45e-4dac-a3ef-936e4e8586ac,5.4673439146311145,316
515045c0-9dbe-4671-8dfc-501bd87d5427,5.461880302596174,317
4a599f01-d84a-4ff1-947d-d9725b35cc19,5.453979122164077,318
3c8a67dd-62c4-4d02-bab8-5cbd9cb1c206,5.452728132977666,319
24dd3c23-54fc-4566-8b82-3b32aa8c2a6a,5.446525860558151,320
433df603-0db0-4584-9081-e76e3810f1fd,5.443180634252258,321
99a3985f-e81c-496a-8ca1-bd4b381a2693,5.436647574993141,322
4f30eed4-244c-457c-bdf9-3f5cf09e2e21,5.435326511639467,323
8a075c0f-8285-4d0f-9688-053c195307f3,5.429718003194633,324
c56993b1-6b38-45d4-ba88-6457fcd0543f,5.425548031956488,325
c000374c-7e8c-47f8-a2d1-dff40b102d7f,5.423642362781265,326
e2463d33-7f41-4358-9ea2-cf570f701aa4,5.421135211968809,327
475e844e-4aaf-49d8-a5c7-a8d25cd89ec9,5.4188489351601925,328
4805813a-daac-4ca9-a529-ef2bf4499c29,5.418790116807562,329
8b85d90e-9807-4cd4-bd5e-38598dbfb02d,5.4141951366092576,330
fb46e199-7785-4f32-8328-4fdb445af7aa,5.408581762962221,331
099904f7-7321-467c-b20a-f306bc50195a,5.397565065565188,332
1cff3092-c657-43c2-ba54-188c57f8d41f,5.390694252656298,333
256538cb-14b6-44d9-9361-70745bb50341,5.376738365778128,334
e61bd05e-50d6-4b1c-97b4-a30b189a37c6,5.3762544200557745,335
4b8b8e8c-3e74-456b-b9d2-5c2d87a52a2d,5.37402141466595,336
891b52d5-224c-44e3-b4fd-f90bcec3254e,5.372427269453753,337
0481cc26-6e98-49f3-a387-00a89a3c0cd9,5.371824583557455,338
2a356404-0e80-4a68-915a-5eef46a40e87,5.369404584160674,339
fc6f8163-7fe9-41df-987d-3804c96d6687,5.362923461488707,340
fba027fc-5607-4b7b-9841-8c35072db9c4,5.362062171200617,341
19361971-43e6-4c5a-86b0-535f1416459b,5.361626240059632,342
335f00a3-1f3a-44c9-a9a5-d3230719b6f4,5.3569064533098585,343
48324fe9-edd9-40fe-8f9c-3849ee8596cb,5.351514764900441,344
82454d58-bbed-48bf-a22c-70ef0fd33295,5.345834262184385,345
d96bc37d-0134-40d1-b758-3d68b628e7dc,5.342013184183866,346
5fd7cad9-20ce-4d30-bb18-c1fa76743e4f,5.338509717804874,347
f5a1bc83-f591-4a01-8a7b-bf34127d2099,5.337176974304105,348
ed9ce505-3da0-4e7d-b8e2-8f40daac3a0a,5.336216421129438,349
ae841767-b1a0-4167-9ce5-be44276f2d27,5.334267344358246,350
ce84d144-329b-4421-b7b2-1c626743b225,5.333747658689909,351
5a80d2ee-6cb6-47a9-a297-05ddf430c6c0,5.328034956368224,352
bb4ae410-c236-444f-a70c-5458df1b6739,5.327358808626829,353
961b20d5-f84b-4122-8fed-babbdbc9b378,5.324976546779883,354
dbf88ea7-e115-4f69-b6af-7ac750077bd2,5.320704923141055,355
dac1d0a7-2498-474e-a64c-b0ccb5c9d294,5.316041231947281,356
2a3aeb76-af4b-4645-ad98-465133bd27a7,5.315883362963925,357
42e76ce8-2c5f-4243-9923-de0605e990b7,5.310408046039288,358
776a6e74-ec6d-4a06-b8d0-f9b4a8801939,5.299242915500884,359
30670ec7-a7ed-4b23-aff4-c4225ede407f,5.294586487700923,360
60ab6ccd-7283-4b04-84dc-021a72be7c35,5.2879924896646235,361
96b9e829-35d3-4cd6-b2eb-d544fe28287f,5.285467613575482,362
35a27930-1dec-46f4-be02-720f16f855cd,5.279855679210994,363
b5b63cc3-8c04-4bac-9857-787f998d149a,5.278797871861047,364
d7d4b491-44da-4cd2-9814-7bc7d00fb1a8,5.268247589275304,365
9cd959ef-17df-4ded-b6f7-11dc30863bc0,5.267755574497823,366
35006722-af97-4637-ad73-383b02fd0ea4,5.25221293355867,367
58fa5095-4c89-4946-be9f-002c92a525c4,5.2465684696490325,368
dc28e403-5ec9-45d1-9c3b-87a1bcca6054,5.245392479856481,369
eb795cdd-20ca-4f1f-8201-be5621259432,5.239004993248138,370
2ed7933c-691f-4ba9-83f8-862937f94831,5.238877564212547,371
8d3a6558-1bd5-4ea9-8992-e084b47d730b,5.2371538760483105,372
a26be98c-c7f5-4eaf-bc2c-74a8bd47456c,5.237094340879842,373
80084efc-51de-4c44-a1ae-3a263850d2d6,5.235572255609465,374
a45a10dd-dd0c-4d54-9212-6edf21e807b1,5.229974095058378,375
6f2ed538-6e7e-4a0a-8f1a-09036973d507,5.2285007392625795,376
6f36e506-949e-4e31-ac41-b468ff3005d3,5.227251221496741,377
6850d5ad-48b1-436d-a174-b1c678c7d997,5.221065918357937,378
b53fc4ea-4b8a-47c3-a569-0d623a7a99cd,5.212137263608612,379
75c8976f-0bde-470e-9138-e3d28c2e0410,5.2093781515587025,380
da8e7338-dee0-4ede-8736-172760a5262d,5.208567495671139,381
e042bd39-1b94-4246-8251-a701517f56d3,5.208226649622887,382
e19b6927-7e5f-4544-b173-9fb6b9406573,5.203488152480006,383
ecfa5eeb-3c73-485c-a6f3-9540b95cf085,5.199761109578353,384
7f6da557-b3bc-4ffc-b606-3d7dc129c1c2,5.198907848204939,385
6ebd7dd8-4f40-43c4-99d4-299d996b9f29,5.197590490570874,386
7b56e517-4a2c-4481-bbac-62b9da475fc7,5.196731272707452,387
639911b8-1a40-403a-a224-bfe6d05445bf,5.193061271454048,388
f7b72e40-7f47-4ddf-8655-971bffe783c8,5.192089590649799,389
bf9d4467-d80f-4536-96b6-92a2f448be5c,5.188090593229469,390
490bb747-0be8-4151-a302-c548cd7fad94,5.180756216009384,391
8c521f04-f81d-451b-8de1-82e34f4cffac,5.1798792005162495,392
0f6c72a3-c3af-41e3-a4b1-647d76d53e2b,5.178929990302699,393
afd92594-55dd-486f-843c-885bd370f1b9,5.1772283890329565,394
c3f392c5-7157-4001-b967-2560789b9a47,5.160693852370494,395
df462375-f36b-494b-a42e-7c5ec8a055a2,5.160325957034596,396
aac57756-ceb5-47d8-ba02-34467ea93961,5.158417990904085,397
0b9802cc-6600-408f-bc27-74381fb483dd,5.152730714513958,398
29079f8b-ed82-4b34-ac21-b1c4d2b138b7,5.1500852538608255,399
b5d4bc6c-059f-46fe-93a9-253db20c3552,5.145530582793604,400
c3063f4c-f2f8-4778-bb52-36c3eb4c6215,5.144427528869383,401
b406b90c-0d86-4ffb-861d-747d1629fa50,5.140854169459712,402
21abaa70-0eac-40cc-b050-37f78c2e9a67,5.1382747695977935,403
64539455-e768-4690-bbc8-04c15a6d62d2,5.13505819666105,404
27b21f7a-f1f7-443c-9842-64d75500d410,5.133269092801378,405
6093654b-6096-471f-95e4-b66fccac0ccb,5.13199857263622,406
fa8a73a9-e233-45bc-876b-260d98f8fa62,5.130067330828972,407
5fe4431a-e584-4874-8a93-5233f53a020c,5.129687007267899,408
ea1b3ef3-a409-44d1-b377-6aea24e4b2d5,5.120491246373106,409
113432ce-8137-4127-be88-f334fff7531b,5.119954241151475,410
31c28b5c-a7df-47c3-a6d6-cc72edb72b44,5.119540150116271,411
aa64004b-2d18-4d21-a9b5-ec7825a0f5b1,5.119008479380599,412
acad9638-8a57-406e-9206-0ae93cf117b8,5.117724476859779,413
979d296a-4d03-4fca-bf3a-2d7282728239,5.115537498793627,414
10fc0fb3-b4f2-49e8-893c-2017eced546b,5.115252736055116,415
8be84c18-9a15-4d2f-86cc-ce9ac256b613,5.113991831584268,416
98aa41e2-704d-4d0f-9271-bdacd1e898db,5.106044147316229,417
122faa13-2774-4703-a9ab-e7df3bbdd406,5.102523659450806,418
26608f50-81da-4744-8ce2-2f7df92385ba,5.095660151028464,419
2db4d40c-ed60-4ebc-b1a8-36c8b1cf36fa,5.095430279376725,420
2cb5abf9-faaa-45ca-80cc-6db7429c873d,5.092640495132079,421
b80d8e14-308a-4e94-a9e4-44bc32ca2534,5.092199574172182,422
3db7e4c7-8acf-4275-ac2b-5be9f25832db,5.091291317528671,423
71393f2f-c102-4d09-8ad0-05494028347b,5.089413822379461,424
dfd8e269-d2b1-43ea-a96a-f410fd745638,5.087957754732303,425
e03e5340-a6bd-49d9-bf1c-4ee3ad8e4bf6,5.087418402535712,426
59c3e1ef-5792-43ca-9a0f-e6410941210f,5.083919626573123,427
61b575de-4e84-455b-bbe9-93d807925606,5.077175333548559,428
5b2875d3-202c-4e84-a7cf-ab2a79d0b23d,5.069406349440209,429
aee3cd58-4196-47d2-97d5-7db660cb7f67,5.067635129051328,430
6e6a7557-40cd-4a16-adbc-76e6b4dee3a6,5.06740097269374,431
d1abaaaf-5d07-49e5-a579-551c12b0b58d,5.062058192460776,432
b0005b03-f6ff-4651-b446-83338774c83a,5.06194598529186,433
745cf64e-c1ec-43ee-9fb4-c6e2f0ab3a98,5.061156182793756,434
53c20ddc-c6be-4ca0-a4aa-b05e7fef2359,5.057470108419154,435
27a9e88b-4a0b-4fc2-8435-dde1efe2ef88,5.05567893872556,436
1aad656c-ce97-4a1a-87da-43c82886c216,5.053749870806672,437
b0f91ba2-a18e-4f10-acf4-78c47cdc7565,5.048456255672634,438
da10dac1-f126-43aa-bde2-c9e326fbdb4e,5.043572030716364,439
85642d38-323d-4583-9621-e7d401b9ec7b,5.040723825284531,440
bc404858-14c2-420d-859b-63f047f3aea6,5.038395883484083,441
4d75567d-afac-49b4-940c-3adc6b405093,5.03509066712641,442
9ca2dcc9-374e-489b-ad36-7506cac909d3,5.03382026585617,443
3318081a-b904-44e0-a785-96363df47b2c,5.033008299524419,444
08042034-74d8-4c8f-9d2f-139dc29e4102,5.031353542946251,445
5c660dd6-1985-4b76-8c71-4b6e219e483d,5.030535412654617,446
6162c551-0d17-478c-8410-8b8ce4927183,5.029696346455872,447
75ff3e9e-ff95-4c2d-ad21-46532796f40e,5.028892644797835,448
1d254cdb-2335-4585-9458-be4eb78ee8c8,5.028168604716334,449
212363cb-0c1e-46fa-9f61-7ace3dac61fb,5.026769480176915,450
6db67051-6d3d-472e-9e21-31800f97158b,5.025673663229808,451
bfb2dcd2-eecf-4c45-9bd7-1d8cad761aec,5.024239293202362,452
28c0753e-244a-4b30-bab3-d2fcd2dccac5,5.024183836929407,453
fae7a728-92b7-46b9-a9bb-3de618f0dae8,5.024011221324826,454
48c11f34-5240-42d5-bd32-070842af260c,5.0226357442713825,455
23a8235d-db60-447d-9f5c-ad38e9a03f5b,5.021447880253609,456
6cc23620-2afe-4470-9aed-178764c04204,5.02013494647252,457
ee562ba5-0a18-418d-9f5a-a5bcecf4db11,5.017783044745997,458
b41ca284-bd4f-4d6d-b336-1f97a875c4c1,5.013321078359409,459
b8c4e6df-1be8-4007-a3f4-932f61246ec7,5.003784191604914,460
60755127-0bdc-4fcb-a6ae-159c4b8caaf9,4.99631215637809,461
7ad92e7d-bd7f-4956-9d84-6982a25624ce,4.987001794458837,462
f7ea8d39-8387-4496-be63-b41ec62b81fd,4.9858560154613984,463
85db4046-534c-4851-a1df-0414b1dcab9b,4.9840910131546625,464
97917b61-cc10-4471-9262-73de3d3bf0b4,4.9775146244059965,465
41ea8ffe-82a7-4d69-85aa-1090f39628fe,4.976218525254382,466
f9869daa-7a63-45ba-80c0-4bfd7147cbb9,4.974754707718716,467
8e9e482c-e24a-4d55-a93b-d224789bda22,4.973779652117547,468
c953b9f8-170e-46ad-b711-c8eb1c559526,4.96497601328561,469
a0d885c5-6ed5-4dc9-90c7-38cecf7cb136,4.959039843182362,470
b2cd0480-e9ef-4c97-867e-f9d0aba8c453,4.9554046064615225,471
7e825579-03ef-4c22-9b5c-1215698c3770,4.9532413636317445,472
96efb7e5-3430-4543-bd2a-0e3b1b375533,4.9517028509118095,473
6f4479ff-0286-440d-81bb-8383fd5ec4f6,4.948996454636817,474
f3b4c626-2433-4e25-8385-991d1f7de0b5,4.943425298240242,475
afb63186-d7d4-45ac-8f2d-6df9cf3e489e,4.940522978289726,476
11bf37fe-ad69-4bfd-bd15-c06cfdb9d223,4.937042515996187,477
c63f7b6e-d5a7-4a18-98e3-5e992a553dbf,4.932213760004085,478
1fb5d62e-4f50-4249-b5b7-16ddcd598ce9,4.928551883216353,479
82f6bcb5-c15a-4a68-89b1-cc92c899bb1c,4.926559126015843,480
16d5a028-dc62-460e-b4f0-27e1fa294336,4.923259745844509,481
fe436364-77d6-438c-8a0f-382e0a8d868b,4.922112967702169,482
4384376a-8916-45c7-a8a7-fa95266812e1,4.920173170109524,483
be1a5b8a-fc87-4a86-9f9e-180b533e531f,4.918622693008792,484
f6e5178d-ea03-4e3d-9d43-b287d2263712,4.917787345521762,485
ef5b1bcc-d2f9-4b5c-b1f0-97f0965340f2,4.91403158489657,486
0079b00d-bbf2-45d3-aad8-76261852ca04,4.913391262820658,487
322a359d-bbc0-4910-8d19-e32884a4ef0d,4.911534751970633,488
feda8830-9219-4c5d-8c3f-ad992aab3315,4.909744727079261,489
4fd5893d-e635-4e9d-8843-98a6914c2edf,4.9063663416059455,490
40b8a66a-7036-4353-8013-6ca0c80b726e,4.90566815799131,491
f16e7f43-ebe3-4997-aa17-6e8526b72456,4.90379474456983,492
2613e9ef-0410-4650-b126-17509b4a3e8a,4.903188508039047,493
50eebd92-513e-4cc1-a67e-98a37b3be837,4.902008629262548,494
87bc092e-1d25-4138-9a1a-3624f8a928b7,4.896455562038212,495
738fc87e-22d7-45d3-83f2-12a79e35cb7b,4.8951247716193045,496
f609041e-56e2-4e04-a829-84ed767d766b,4.893247735987928,497
652dd195-e841-484c-8c6f-5c5dda0a4da7,4.890855156691246,498
bdafa4c0-4fe1-479d-92c7-493e4aa7b98a,4.887620343162751,499
a8c900f6-26cb-418f-b735-808156a08774,4.877601951020088,500
ddc6a81a-0cf4-4dfc-a656-a597e147ed6c,4.8759630900692414,501
bf00e791-16ad-484e-9f25-539fd8f7c73c,4.8757156546884906,502
38f4aea1-35ee-4b31-bb68-4662d30ea982,4.8751340072856015,503
2e0bc932-b336-4f91-8220-8fd79ed806a5,4.874273303241944,504
67502b9a-e9c4-4a0e-bd20-004b6565b8a0,4.873894596020537,505
6dce5741-a2f5-4a6b-95e1-46213c4a3f56,4.868910982382683,506
e5ffd320-f05e-4d2c-8ec7-f58960f606e6,4.868454343886318,507
dc6f9a27-ede1-46a7-b4b0-6218febc7532,4.864931979220109,508
ff3cb06c-f13f-4c7c-899a-82228bc5b955,4.863394498290224,509
9b1f3531-d805-4d0a-8b38-edf9848d97ea,4.863051804439149,510
b9480c5f-4b18-4719-917b-05db1683d4ea,4.860632289836379,511
df2c1cd0-67bb-442d-aef9-43d66e493d7b,4.8591380641711694,512
b49c8be6-aaea-4303-8530-267cbdf882e1,4.854262311367142,513
41e8548a-6755-4c2f-baae-68144d395628,4.853419263532439,514
b500125f-63c9-4f3f-8f9a-926035704172,4.851579348576611,515
0e43b9b8-ac0c-4b8d-9063-50d8fa129b44,4.850236593543282,516
cc3c41e8-a617-4fd6-b932-46ec404fdba1,4.847987545161499,517
02f09aeb-e8a8-4efb-90d5-b1ce1e0e1aa1,4.847909677790428,518
bd2fbc9a-08dd-4dcf-9c8e-3b292346c1e7,4.84661855091703,519
65fc120d-d425-4f99-907d-de8809905cd2,4.840859477153682,520
b97d5aad-e4b1-4571-bcb1-ced75e939609,4.838558879749322,521
7496566b-3981-4cca-9e37-d90e48401760,4.835988053739699,522
adc84066-92a2-4aa0-81fe-f22dc4b9bad7,4.835877911256563,523
542661dc-d018-486c-accc-0d988f2c1936,4.835091551284266,524
018988d7-3531-461e-9b23-5ed26a588182,4.832242066178352,525
d8f44966-2c78-4780-8472-008b4e8d954c,4.831763573644354,526
934177d3-bb5f-4120-aa07-6a4b867aa776,4.829492580760587,527
7ae8afa1-e63e-4c91-962d-2e93591ac1b0,4.826195155211838,528
b04169d5-25df-4133-b477-3869c764e8da,4.826122829168978,529
ac909603-29bb-41e8-a6f4-afee928afa3f,4.82568556065437,530
fa5c9526-2e46-4ed8-9b91-70c4cd0efe83,4.825314578354657,531
aa6be4c8-ce1f-4bcd-9759-912680d60dce,4.825226418149766,532
b91ea0b6-de72-4250-8fa3-369f58e1c0fd,4.823723970233952,533
0b0960a7-5148-42a1-a169-18950ebb2613,4.821765306425147,534
a8a6d445-6b25-498b-b62e-77cae17f3617,4.816577066089597,535
11a3ee98-eab6-407f-b8e0-cf41c493a478,4.8095921691805055,536
bb31cb13-f0b4-4d50-8825-bffdc4cd89a9,4.809263671990166,537
c02757b3-0250-47e9-abe5-73f45322b48d,4.808410909096639,538
c846cf08-5b79-40e6-9ab0-e108bbed6b44,4.802500934728969,539
f9ae8b6d-3c1a-4a6c-875c-c3ad9d778cb3,4.800517232030814,540
35fa6bbf-b214-457a-a8e1-a3b97ff5a212,4.79781030649381,541
2c411c73-e400-4ecd-9ad6-d284edbcf96e,4.7972960732258265,542
58eed1cb-ad8c-4991-8461-e77463e34fa8,4.796984801688566,543
19aec5ba-b4c7-4003-b9ac-bc4372690fb7,4.796229193382361,544
efd5a6bc-0ed9-491e-b1dc-d7fa9d7ae549,4.793948879830052,545
3a546d93-3ab7-44c3-9745-90b63f75e3ec,4.789483976300638,546
5749a4bc-a915-4620-94f3-e6c304f92ffa,4.788029210827581,547
fb5b1dbb-f96b-461b-9cf9-2d6e21a86ab4,4.784119496148899,548
7e623459-14c2-4a7e-b6c3-0283fba9829a,4.782407945725334,549
e7cccf39-29e3-4525-bd99-bcb01fb0b2e8,4.781539443714118,550
4e4c42a6-496e-4089-8fa9-164c96ef90cc,4.781330043850084,551
dee95838-8e15-434d-8889-4deb9d059d93,4.776865047125327,552
fef4465c-f6b4-42b4-a221-872aea5dccef,4.775898174052122,553
5174e292-0a0b-4d40-9263-28b11e0ddf87,4.773916872153483,554
2af44aec-ad5c-45eb-82a1-3f550be17ecb,4.769147082429575,555
1e00b651-86bb-497c-a750-b82d931c736b,4.769114124242823,556
24c43f70-2147-486b-a6b7-c172ae430b34,4.76902688053598,557
5e1911cc-17ba-40e7-b833-e67c2c21a632,4.7656923341055135,558
b363f62b-09d8-47a6-a168-bd68fe4a8872,4.763003159485445,559
3f7eceb3-22ab-4d20-95e0-41e8f752a366,4.760679701798716,560
84d52fc3-9cec-4e4c-9289-d84cfe0dc504,4.757899646670236,561
e435aab1-4b43-4025-96f9-7e58821e01a0,4.756264780816751,562
4e9a6cf6-b39f-4703-83ee-3ccbdd00f6b1,4.755377857021842,563
0b52d317-656e-40f5-a34b-ea53c259fee0,4.755351848485629,564
ec1bf960-259c-4e4d-9fec-a6625b5e4867,4.753004803452273,565
b33e47d9-237e-450c-b8f4-58cc4912cfdb,4.75052701097227,566
6491d85c-703a-4739-988d-8de629c31e72,4.748591906595224,567
ffc685c5-bf72-4e96-a26c-63c3d2ffacae,4.747301249407275,568
06b058be-813a-43de-ad22-874f3df889a7,4.747057311639592,569
a6f393f1-7f25-4d1f-9bc3-b840c6aab3e9,4.74627162214843,570
47724a53-514e-4a74-80a7-8a5193896025,4.744497597533704,571
4229dcff-2e15-482c-8f5d-777b84662983,4.744064190343996,572
34035afd-9fee-424d-85e3-49fe23783568,4.743112664307858,573
9bef416d-5cd9-4c0d-aef3-f1c7dfc1f02f,4.742470201967305,574
6892eb72-3c57-4ee4-ac2a-f28ca66ea52d,4.742312971073808,575
097ce8c3-4cfd-45e7-9c8a-42d10208b92b,4.739566641674894,576
47528537-9669-4950-835b-45d32d3582ca,4.737223483804666,577
99669773-c9a8-45c3-9e7f-dea47fa12553,4.732215870254914,578
ea4ab402-560b-4e6c-80d6-85c7803fdddb,4.726812731598601,579
534053df-a0b7-45b7-a51f-bdcb816bb97e,4.726751885207617,580
7c921af6-4247-4c0b-8c41-2841f944590b,4.726433563169124,581
47b5d2cb-8616-41d2-a048-9e855be2107e,4.724334046862594,582
1de13eca-a6fb-46a4-a8ed-a3742907cc08,4.72432896611342,583
5d27830b-77c9-4d45-8526-3352f73b1ba1,4.717622686345236,584
36b66c1e-2985-4175-826c-e8cfac9b38ed,4.716351199791105,585
c7ee242f-2e05-4367-932c-48a194d534df,4.716229576008788,586
38a4738d-7f1c-403e-bdeb-ef4668801df6,4.7149053033364705,587
84974a14-43b2-4d73-b5db-cf758edaa19a,4.714358968279056,588
ef94899b-1071-416f-af2c-c51139c8c162,4.7113103546582105,589
7a4cade9-96e1-44ec-bdbe-56fe6423880e,4.710996701846296,590
a0538daf-3f13-422a-a224-458fe4065f79,4.710347861461996,591
27ffc92e-9709-426c-896d-3f9b0205b91a,4.709941463297159,592
1234c54a-1e2a-4d23-aba0-a9868dfb182a,4.709931428987227,593
cb55fba3-6e75-482a-9412-d8cdb77c39be,4.70861913678974,594
7b7b36be-4b9e-4d73-8db1-f0ff8a69fffa,4.707200539157772,595
42363150-fa06-41e1-a34a-b4b02f5ea75f,4.7069216915631005,596
3af7fd8d-d4a8-496a-803f-d532513ff645,4.705772656591244,597
8e959bb3-3bb2-413c-8e05-4a8cc83a2ef0,4.699899546536561,598
17ec8313-75d8-4b20-9ffa-152aa5addfbb,4.69908884355086,599
20972f9b-6400-4470-9259-77d8740ea644,4.697612376893734,600
dd3f6915-680a-4687-a7f9-8d0f064a186f,4.695536492992752,601
fedbcd6a-0f86-4daa-9f97-fb0568fa75ca,4.695009071614744,602
837f4edd-470e-4b91-a543-7dd821c17b68,4.693802128714125,603
773fff5f-2793-4b5f-9783-e3a927aaa0b0,4.69370051586985,604
76695e37-8a93-44e2-82ca-a1a879f181bf,4.692373654160668,605
6245b19c-3595-48fd-87fb-7565b851eb20,4.688186632929538,606
9400b266-9a6e-4209-95d1-33edd477108a,4.687509614920516,607
595c6141-1de0-4f50-b8f3-2b1c61efa01f,4.685244668757534,608
6997d33c-4f00-4d1b-9345-78b980f4e427,4.6849349886066705,609
632e7f29-c41f-4e75-aa7e-95135fc72642,4.684527687881721,610
70748cda-8855-45cf-8fde-712fb3de0d2e,4.681724988550339,611
9b36b2cb-172c-4a13-ba3c-1b0e9063a912,4.681621630130539,612
e0e374e8-089c-4f34-beea-2fb08a25adb1,4.681343492077546,613
5321f1a4-3d6f-4a62-a52f-3a0010fa81d7,4.681278503506489,614
e3987ae3-43f7-4421-9998-3c1f84db82df,4.680738003281175,615
1676831e-4d57-4dd3-8fab-4b6c9d6dd124,4.6795292428983055,616
1ed588eb-296c-4197-95f9-f5edeac6cc71,4.6739964562313085,617
66860369-76f3-4394-a274-c5a48022f2ae,4.672948197541432,618
5c82b9b1-0412-417f-9b4f-b9a215e2a639,4.672597848547345,619
bc7b9430-bda3-4328-84fd-9feab5fa1dc6,4.671829992254074,620
230c63d8-bd77-4719-88b4-42beb46349d8,4.671333554887739,621
8b58bf19-0fe0-4f13-96cf-e84102a5945b,4.668250044644864,622
8f7b32d6-bf13-4daf-8016-76b21c60cd08,4.664952013554863,623
5fc44a33-1320-40d2-bf84-f94bb24de485,4.662316237674837,624
6b303c31-fa57-44bb-a94d-c663973feb34,4.662271729724516,625
0a629d0f-9ec1-4cdc-a3fe-b71e9ac9ed92,4.659810536330887,626
900b2272-75a8-4d0c-a6c4-ec6c6a459677,4.657849116005275,627
83916607-62f6-4faf-8a28-02de33420249,4.655350357421411,628
843e4e99-3e13-436d-b484-a91ce03e5a17,4.6532183065048,629
c00a654e-959f-42f4-9e85-174bf9ab6bfb,4.6522811403878555,630
af72c6b3-2d5a-4560-898c-afa93703d212,4.648925610041049,631
6c7d31f3-7004-4132-8e15-db3f12e747ad,4.648846701455145,632
27ea230f-c6e4-4fde-9e33-594a4a1d92d9,4.64694843838256,633
c47f2c98-35c2-455a-8e96-67a57fe67dc1,4.646672853653562,634
36c2f245-d33f-4fbb-af23-d0da2e7c3d47,4.645319688582995,635
c96a0545-b258-4456-9a91-5c2a29a00d6d,4.643022395537203,636
96617aff-00f5-4ce4-909d-a72d1cba4cef,4.639665188066627,637
114bbc8a-6e11-4739-ae56-78bbab4c666d,4.6388082235659835,638
94d57abb-8698-4180-9847-d827d070d61d,4.638115628399828,639
ff329315-2801-4d8a-bbbd-947300143d96,4.630560592343963,640
d1fedd27-d208-4fb2-86c2-805b4d4cd75d,4.63000416631578,641
4d2f77a4-2a64-4946-bae8-256d18e7b9e5,4.629364854347934,642
fba83168-5695-4184-b914-e5eb7c343b0e,4.62915132709646,643
5cfb9a57-4b68-4dd3-b195-01ca923b6b35,4.628619494810052,644
711f693a-b2e3-4a64-9a9c-1dbed594e70b,4.626612717597865,645
edfb1f56-7ac4-48a5-9ea9-c5b61f8bc1bd,4.625139750207944,646
3255755b-64c1-49bf-8f8b-80bd3e6e3e27,4.624845508305186,647
40cfa7eb-ea5f-43d9-a850-8c60176713c9,4.622255552035728,648
d5d6559d-ac89-4458-ab97-ff9e74c75803,4.619306135388747,649
3d62cedc-a567-4917-a7d1-fba1dd0e8a8a,4.618772868310506,650
49559c31-fe2d-4a2d-a14e-8cd6ab799d35,4.61824734917944,651
5129696d-68e7-4b7a-8cc6-718d2688380d,4.617866106618343,652
9ba57c52-c30d-493e-831a-a53cfaf6b2da,4.61770748885961,653
ca6d564b-1338-4876-9b8a-2de1f7202a15,4.616717635392802,654
449237cc-6f84-481c-8d6e-e383101c8dec,4.6164861184999815,655
bf8fea75-8d5f-4653-932c-c154196a4f30,4.615562120397523,656
afd3e415-cb56-4425-94e1-4c4da1b8d1e1,4.6131126548117285,657
dd140019-96ca-4836-9f89-8b1953f77976,4.612035072783088,658
a865afb3-487d-4a23-b2a6-aa9a46bb606b,4.611369986736171,659
2c641430-397d-403a-85c6-241670378c92,4.607750733604376,660
6e506cd9-d4ec-4645-b760-e085f127f88b,4.607063802725823,661
bc97fea1-098c-4a6b-990f-7a465cd205ac,4.605655553373128,662
79871554-6901-4572-abf7-3c58f7ec7b2f,4.602259924484143,663
5d56ac47-45b4-4150-9fa6-ed189ec5a649,4.601253025696003,664
0b674b13-3441-4057-8732-276b0bb56542,4.601222725662317,665
2e7bade9-0ee5-4459-a10c-ab1590b6b79e,4.593564333602884,666
c0a56c47-f901-4952-9351-e5bd441ff60b,4.593129132253714,667
e8f5c0e5-32c9-4e79-89e5-5b08fa9ae78b,4.592971627873271,668
d02d2150-14b8-4007-809f-d54bee5f5f7c,4.58607627988991,669
80fa678a-3ec5-4dcb-b99f-0271fa47b8e1,4.585067537595288,670
2360f8ed-48c7-466d-9754-4a59344a1ee0,4.585065454299332,671
fbc8ee13-5523-4107-91cb-a4381a166cf9,4.584614655052494,672
5c2b1ee7-c9ad-49b0-a216-9adea47bc4e5,4.581429739872066,673
eb340a28-f1ac-4c8b-a172-9377543693b4,4.5813181353343,674
bba1df3d-8de0-4bb4-b775-a3454d199572,4.579620839119138,675
355af040-af88-4bf8-b563-7ded3cc499e8,4.578694746660846,676
1e14f991-2f3b-4300-89e6-12067a39a3d4,4.577574126971916,677
f2633895-08e7-4874-ae64-fb40778f2012,4.577521224616413,678
9e3b2833-5154-4fc3-8e46-92fb9abb399b,4.576946976690052,679
42b7e147-f62c-460b-9d7f-c4db06b3ad35,4.576233087524363,680
5d58eac1-b738-4427-ad2e-c57fed717991,4.575632220056125,681
7e7eef8f-7bdf-4d47-8a0e-3cdcc98d0fa1,4.574240279485894,682
e231125d-378e-46db-bc74-66571e9a27c7,4.572789153715131,683
5b2de4e0-8d36-4b8d-b23a-4f97199f3616,4.571965593897833,684
ccfe9153-8a23-42f3-99b3-4216291dc6bc,4.570891531083815,685
288f0172-f007-4aa8-82ce-8cf7c9d387e8,4.5708124735459394,686
5ce0bd1d-6425-43ec-b5b5-151547aa2b87,4.568787352859943,687
1833714c-591c-48bb-918f-b64330ec4994,4.568176047908543,688
2b6ee1a7-3edb-4f3e-9a82-f6e71a1fbdd7,4.56761143019609,689
63553efe-04e9-46ec-b210-b68fad88e716,4.566484872115747,690
b9a8c6ee-901f-4b64-af94-dab40fb40168,4.565084838583716,691
406adb8d-cb58-4035-b752-aa6449858d9d,4.564998111662003,692
bf4f9315-1f6d-40f7-a415-81c9671c134f,4.562424228495236,693
8fafce03-09d4-44a6-8c3d-a1fd47794066,4.562070133253116,694
8e5464d7-a22b-4c79-a719-9ff220cb7fce,4.5620315553187405,695
167e95ae-465d-437a-b142-858201e4adf2,4.560332950072038,696
61576855-3e72-409c-95b0-d53e2e51b201,4.560210412146572,697
4a0fb0e7-751d-4471-b72e-b52603c99e92,4.559808390810786,698
07973dc8-c4c2-4134-9487-00f6154967ea,4.556683265850483,699
4763c4ab-fa61-4eab-a189-5a6ec7d4b66c,4.556040268482939,700
9598c577-c0cf-47fa-9274-6cdb7395c79c,4.555411346096619,701
0bca10cd-12d1-4c27-b09c-de7d080568a5,4.555033361319657,702
162c3e02-06c4-44ab-9888-6c32a0c967b8,4.554655377790305,703
9452b4a4-3301-4a02-bf1d-e7baa1b4965f,4.554340447685994,704
0047b0a7-fe1b-49b1-a795-005d3a62ede6,4.551951633106306,705
26d6df52-6e88-436a-ae61-6b72104bf8f6,4.549660719352664,706
10819dcc-1d0c-4067-a21d-e74bd33bc587,4.548385940718559,707
8c3fa27d-c589-4950-9e1e-a17f2640f5e6,4.54664880534719,708
504858a2-d196-4795-b8fa-c98bf66a4a7e,4.544970233906868,709
de7c7ece-2057-4eff-9825-018f7ab85f68,4.544075077586173,710
db49c0fb-8686-4da4-bc07-0e0abfe4c6e2,4.541416111462355,711
50f307e2-89ac-4f16-ae32-11040649aed7,4.540136596539556,712
1e35422e-6694-4dd4-8290-2428a1087530,4.539925560290982,713
a06b9cb7-4909-4316-a08d-b4761271f2b0,4.5397818638265655,714
27455007-4cd5-4ad7-a501-a74dd4fe4973,4.537545342086696,715
ff40b93e-e4c9-4f97-aecb-41d31e963cd5,4.534200833775965,716
765f6054-4000-4c61-a0c9-6131986564dd,4.533618897497343,717
1914cb2b-a5d7-4185-b209-c0e44a0e5452,4.532697195702857,718
45f778bf-b6f2-443e-8f3a-8927200d36c6,4.529328683508859,719
3f1dc0a1-8daa-447e-9757-1f9de22990f5,4.52797879062322,720
77e62ac5-47f8-46a0-8f19-ca82245de49b,4.524509962298686,721
5e015269-7d77-4e28-95d7-644071778546,4.5233224316976095,722
cc19a073-68b1-4754-8016-21b13ea716f6,4.5229134184440545,723
6132a757-fb2f-4c31-991b-a963b5614a6c,4.522402960077012,724
83851ed4-3be1-4507-ad32-2424c7997440,4.521632877160858,725
866cd5ed-be14-4d79-80aa-4d87a8d323a2,4.520795845021542,726
16c6781d-8727-4455-aae3-033d4f92d4a6,4.520404473936039,727
064259bd-0424-4463-acf6-e2bb062bae95,4.518366778554493,728
f8d4e2f3-45ed-47e6-af6d-030ab37a3f39,4.517958123291271,729
4110baf3-510b-4bec-a743-2237323abaa2,4.5161703458046984,730
c29cbdf6-7b77-4a2e-b82d-09852b535e75,4.515977845307998,731
1a0bdf73-e4cd-44a5-aeb9-a868ab50c69c,4.515976909352007,732
ad9061d6-de6c-4954-9dec-e2707c4e9db4,4.515955661450676,733
0bc34889-8545-4a6a-a00c-c3cc2e86b093,4.5156107496738915,734
206d6a66-cd1d-4bdf-a41a-a3ebe585cd89,4.515394821492417,735
2a1c95bb-dd42-4884-af73-bf361239269d,4.5137107125347455,736
d7a938f0-a903-46e8-a4aa-47892fbf34a0,4.513655317361685,737
bb81aa3f-44da-49a3-93c2-fb862bb0b6bd,4.513647620816811,738
3c62322c-c713-4cbd-91c7-502695fff067,4.512317532713281,739
6ef5f211-4a2e-479e-9d6d-4060a2eef760,4.510374284743834,740
f240e9da-b9ff-4d90-9d1b-a389b7e592d8,4.510371085461538,741
e62abb89-0575-4a91-8c3f-8cd1450ee734,4.508434336231979,742
7eabe3e4-18f0-4086-b26a-9ffe85c3f3a0,4.506996798819805,743
3a11b02c-d60b-4fe7-8cb2-e268967d5fe6,4.506336872786077,744
00c94da4-3cb6-4971-b2da-87825660fbef,4.503643712812098,745
d0a0b9c5-b2e1-4dc3-a1e7-9e59d896c388,4.5033727842371265,746
3be3d9ae-b911-41e0-a6a4-91e24bc7f0b4,4.503348672632797,747
82d6cb5b-2fde-4aaf-87f9-68b53d07a0b3,4.501596527536813,748
98effde6-074b-45dc-a0f2-78f565d160e6,4.500013531922511,749
9d8eea77-802a-436f-8873-23efc7c30eaf,4.498057138649601,750
3e5f8351-c470-4a1e-9e09-df4069f42b86,4.497216235235153,751
f6f5feb5-62f5-4650-be37-b2946c8471fa,4.496918583537588,752
f510ade6-ccee-460e-aeed-df7f6c9e715f,4.494838907381316,753
e2356362-ad3c-441a-8b46-8c6d658d742f,4.494434835221228,754
3fdd529a-6557-4ed6-8415-a67db484dd63,4.494353333483669,755
59cc57e6-6ac6-45ff-8d8d-581ca2257c64,4.494125061887375,756
1da03ab7-03d2-409b-81f5-0b6e54e670d8,4.493825209137266,757
2114dd26-7943-4482-a5a3-91adaed50cde,4.493323626442904,758
51e4704d-4615-4a7c-8a86-100898463869,4.4917489163838225,759
e1ae67e9-5809-41d4-b3d7-d713b44a336d,4.489522149386647,760
ac537560-0f4b-4a23-b156-dce54daa10f2,4.488774340187422,761
2832e939-15bd-4723-9656-6fd2cb109eed,4.488757986612428,762
3d8ae962-c9d9-4d27-832a-3934607487f4,4.487298737537415,763
537ce427-0fec-4a01-858b-f601af98e424,4.486975233644793,764
6db14407-f649-4498-bf0d-6350a9fd3772,4.485236188137109,765
6faac061-f9fc-48b3-b401-33dadb945876,4.484862313260262,766
013eab80-994d-484b-8b10-cb978b743dcc,4.484642894541019,767
680bfff3-1577-4ef1-84be-a959368ba9c0,4.484415243291743,768
2fca8453-359c-4e97-a58c-f51b297ee27e,4.482382189057093,769
c1d0d7f8-419e-4259-b02b-f7d02a6b841f,4.481798158761765,770
c19d514f-d905-49d7-8875-b831e4303a95,4.481098801173327,771
15e28fc7-b9b0-4170-90e2-d4445596289f,4.480704332653583,772
c99ba420-e02d-44d7-b5ae-68b449b63764,4.47967895905051,773
1cb8d133-fedc-42ff-a1b1-6a553ffde966,4.479670563218357,774
1fed8213-3925-4ead-beac-419802d41ae6,4.478576874266365,775
47628668-8a10-4ab1-a727-8f6bff504fe5,4.476464718520724,776
71c00f44-c427-4f2b-8b6d-9e185285df87,4.476114913079535,777
a0f3154e-8876-410e-af21-46ed8d7396fc,4.474852599933333,778
5e2fa023-ac20-4f53-9c92-6c80fec996e0,4.473878079088468,779
9fd23a22-e0d8-4f97-bf1f-b4ae465b96f5,4.4734604611587585,780
bccc24a3-4770-484e-8cd2-4dfe78757236,4.471135257732085,781
a2ca5219-cb2c-4a4f-91dd-c933f6c8688e,4.470617987667809,782
da50826d-2010-4900-a9d7-f1c7fed6b4ff,4.470561040259476,783
4634c269-33f9-423d-a080-11c6020f281e,4.469677406168082,784
e8fafd8b-9bae-4f10-bab2-9a0f0c58e043,4.4669662449556755,785
8c2cfccd-6c22-4550-8c13-79b4cb28dae2,4.466515862956341,786
eff56bb4-89e9-4575-b909-36fecd9a4076,4.466337744866181,787
4991e66d-b81d-4c5d-ac3f-5799e7c23bd4,4.466004096385275,788
051a2292-697f-4b3b-9d89-abb1e0cd5cf5,4.46594054237166,789
db74ad13-a086-445e-8071-4bcff433ec79,4.465375029999315,790
81e8a2fb-fdd5-45a6-a8c8-d402b303a8b0,4.465138328371304,791
b5277f9d-af8d-4566-af57-8ef608c2d20d,4.4647155263242455,792
22c5b24d-5127-4169-8724-6112b5165da8,4.462195693598421,793
d96dcff7-bfa7-4305-bd45-0c2b776f92b4,4.459988692374667,794
ca96a142-8b74-473c-9a9e-9c0aa5a24bb6,4.45991402701528,795
37b6bc51-8f45-4490-8b2a-8e9a8d6ce72e,4.456805787142057,796
86eab181-32d3-4dfe-99fb-6d49a2240c6a,4.455226973920362,797
ab59d648-57c0-4e92-9946-57bdec6dbc44,4.454965068402699,798
5c5efccf-cc00-4293-a7ed-ace353d0db14,4.45464534257881,799
1f9dc481-8f03-4910-9f0d-f4ba8e5f550c,4.454571531673584,800
d6a9f5ff-bcf4-4f65-83b8-1b5b6a8ce048,4.454524347343944,801
c030ef69-8532-47c9-9968-a838b58b9601,4.452198359922224,802
7f49d368-85d0-40a5-b58e-7f66fff9c855,4.45217746574879,803
f1b811ac-0823-4787-b229-efc06dd1d779,4.450658363382063,804
a93832ac-8464-4e5a-be2c-727309f39bb5,4.449378388621885,805
809beaab-0476-4798-9502-c92971ba9ed0,4.448266360772297,806
a396b9e5-612d-41b7-af8e-a4b20d5172e8,4.447508781234566,807
f25d15e8-3985-4b77-99a5-39d921f62c03,4.446890688869053,808
5e794ecc-750a-477c-9ce9-a6321e346663,4.446589854159442,809
215066a5-9d3c-44b1-b0e8-ac4b4a4cdb71,4.446320673702424,810
8eae0416-57fc-4af4-a4ec-24dc6ddfa190,4.446289706711201,811
e56ce614-6d15-4a93-91f2-d05777c6f61e,4.445654325202204,812
bf176d5a-c733-4ca4-91b9-9c05703d6e3c,4.441621047378156,813
1868952b-b1a6-4b1f-acdb-f25dbff7038f,4.440048601238791,814
b466ee1a-5411-4892-b775-e47f41553017,4.4365627571290585,815
df585f9d-73c2-4b51-b510-401b08082605,4.436012139751719,816
e5d76a9c-1a55-4cdd-9395-0a0d0acb2b3b,4.435687041458178,817
ff3bd8bb-d611-4547-9efc-5f4a89163e47,4.434379366902282,818
cba6090c-10b8-436f-9094-bbeed7073ea5,4.43425726732687,819
e8988608-222d-485a-aa38-eedd7b196749,4.433670509973758,820
1d4bb410-4a73-4046-aac2-a1618b19ab98,4.4330940278046755,821
434289b6-7787-414d-a2e6-a039986de338,4.4330362983981475,822
59fb811d-ce2f-4225-a887-dc43f9804153,4.430858416350153,823
40534396-f883-417a-9b7d-f530fa9e1849,4.430548371565652,824
d9ee9ed6-5c2d-402a-8d85-a2cec9ea8a71,4.429640195782928,825
58ae9534-c3a2-4265-a7f8-c40d63443945,4.4288256771163566,826
56f67a09-d811-4f0d-8f7d-5d2e196939a7,4.427294786716505,827
546b547d-09f6-42b2-a1bf-4ca4d2f1c98b,4.42681993030591,828
8af93f84-15ae-4202-ad88-40fef5aeeee4,4.4249429344238225,829
f3869b39-d7ce-43e7-8109-a33033d6a680,4.42329542833296,830
302c6351-6ae5-41af-b04c-7cc0dcd0746c,4.423240836897363,831
ffb1da14-8333-4e64-94b2-aab0c293e3d8,4.422782786746663,832
fc99ac85-d5a2-4648-a5a1-ed5d14a1dcf6,4.421164692992012,833
29d05c25-d09f-4355-b3c4-7f64a53b7b8f,4.420974568134051,834
7abc90c1-a376-447f-bbcb-b25862678245,4.418920438311222,835
f277118b-b708-45ae-9af8-96b120550bdc,4.41866770015369,836
f71d0c11-2f9f-4a18-8f9e-bd02114bca0f,4.418540592568543,837
f53d8587-2a9b-4832-8dfb-f3f03f6bd271,4.4173663535954955,838
d56a9577-a6d2-449f-8dd1-a3f21efc5220,4.416033905820274,839
2b5fa8c7-2b5c-4f02-91d1-9aea5a20d639,4.416023747000348,840
9bf22698-7fd0-4050-a794-4ffc2dc52934,4.413316712121795,841
70a7c563-7203-4bdb-b9c9-2e297869e97a,4.412609104979924,842
a6d9c9f5-0996-4fb7-9bc1-29ad3c65871d,4.411725416421358,843
b778d6eb-ba42-4ab7-849e-c9b1189b24ba,4.411029624245818,844
f3cb4524-31f2-4e4d-82d4-9a09ea19f506,4.410546646315128,845
542023ef-7611-411f-b192-29ebfacf3ba0,4.410011597856769,846
399be575-ab38-4bb1-b9bc-c8d782ad7df8,4.409761231585726,847
1a54b4f6-889c-421d-bc26-ad3383f79e3b,4.409314389945815,848
409ec97e-79b5-4ec3-97c9-f0b985cfb2b5,4.407344537955513,849
4aa44531-fd95-4c0d-b4bb-8ea1e11305b2,4.407253305874112,850
57fc9321-62a9-488b-985b-32b451360235,4.406776515244599,851
1d0bd41f-b986-4580-a988-b666c8ec4eb0,4.405390398076781,852
eed2fcc3-8e0d-4c51-a26f-2afed237fac9,4.403648941071909,853
8eba2a26-cd6e-4340-a392-cf8371e89389,4.403043800511238,854
04a04c00-eb87-4281-ae14-9afc30507949,4.403015231732723,855
c3dd4e55-f82c-40d2-a21a-7d4037b0fb0c,4.40130780147708,856
cfb329b4-bcf8-46b0-adb1-5f2a22e6eefe,4.400219557124137,857
6abc5626-ecea-4ec7-99dd-0dc5c093c0ef,4.3998881042793005,858
960e5514-56ec-4819-a75e-5a13bda77a82,4.3998790285705205,859
cb5f12c1-3e35-4c50-9dfe-4322d6f83601,4.3981998997743945,860
25a909f8-64d1-42d2-9b6b-ea84263c6244,4.397452064197894,861
3c04edb9-2c81-4637-964c-e976538dc667,4.397250567418546,862
e5fde0c6-35af-4279-81f3-599a7618fd35,4.396254706998348,863
59661ce3-89cf-4da4-992c-6dc73fa4400e,4.3954581467969005,864
aeb31192-9622-49fc-8607-0d895048f740,4.394759798776037,865
c8f2ea3a-e37b-4760-aba2-192ff1c8c588,4.3938058321331015,866
459cb0f8-ecf8-4e6b-8336-d09f2546935f,4.393583250241723,867
cb81f286-c7ae-4c18-85de-f3c4d8dd6cf3,4.393421640146612,868
67e36f5d-1d0b-45bc-abeb-57349a608c7d,4.392175188756702,869
1e56e349-6c1c-4209-a2b2-d7d5bc588b4c,4.3908631958055215,870
87d5564a-7b5c-4c09-827c-dcff8f636d48,4.390672663851001,871
9843c1b1-0b66-4732-a585-f7a8c0c62227,4.390453161250919,872
9eea5703-749c-461b-86eb-8183ccb43994,4.390086930694694,873
32f7e384-7996-410b-8f7f-ccb576f68022,4.3890877461667115,874
c6b1a4b8-93e2-40ac-8abe-e4d1695f33d7,4.3881226433646825,875
0c973526-541e-420e-81d2-c3680930a8c5,4.387877223199562,876
25632c5c-0ebb-499c-8126-8743c92c457e,4.387315982742893,877
edd37ed7-54e0-4cf6-ba96-7aa83904791b,4.384365267161991,878
0a6d4dc3-a627-48e1-bc09-4725dc7eafb7,4.383903512338267,879
c741fc01-3c4a-4508-a80d-b7dc991eaa0f,4.383594703568908,880
d5456906-a498-405c-8657-a9d8fe4e1d25,4.382944055002663,881
fc5a30bb-673d-490b-8487-5fef23387b23,4.381739736615713,882
62d9920c-e547-402a-99db-ff33f89e759e,4.381717578609915,883
418a0c7f-5cbc-4ca5-8e87-29f0105ba160,4.3809514553402,884
828fb486-0546-45f9-9fb0-b4a8b666de93,4.3801030212018235,885
72c0b16b-2f24-46ed-b5fd-ccdfe6c23ed3,4.379606432314642,886
d8450e88-1f23-457f-9df1-4f6a09adfc40,4.379264960192548,887
bf09be3b-7650-42db-8ffe-c82bce080c17,4.378611132787925,888
d49e1728-de94-4974-8bd6-f8fbaf54636a,4.377924491703869,889
5eec844e-1253-4d59-8f09-223eaaad6037,4.377873878044941,890
fb006954-69ef-4127-a1a2-907837c80f4d,4.377132934677188,891
f151c585-0347-44e8-82ed-72b2f970b37f,4.374524362913228,892
efb18230-91ee-4940-81a3-51071fe194e0,4.373742269390227,893
f687156a-2390-4167-be3a-15f51fbdd93a,4.372977157577804,894
5a8bcc3d-08bd-4c5d-85e9-e6d4f17a0367,4.371009016610938,895
077b708d-7a23-49c0-b410-e90df96c9c58,4.3693709311468725,896
522ab969-f8ec-4dee-a97b-39e5bb4f5d35,4.367081501484593,897
90edb42f-18c0-4314-96e7-b795f9bb3d17,4.366668154102037,898
6c77dd41-9014-4d3e-81d9-69a0c475a593,4.366141484015929,899
7e1a6429-9643-4f2a-be77-b66cfff91145,4.364515133302928,900
b252d45b-22a3-4c1c-8aab-28a13522f726,4.364161435127653,901
b598b46c-7e05-45e0-81d1-9e0c74359a44,4.3635893555411505,902
3f6cba2a-8835-418b-b3c8-484bcbcc1db5,4.363515126764862,903
19c90e8f-6cdf-4b83-8e96-a427147c3ea0,4.36242488169519,904
a2bc3d65-d3a6-4019-a543-5cd0c85aac1d,4.361775658439831,905
4281f265-852e-4509-b3a9-26e2b5e4ef16,4.360809991912252,906
68989161-f893-421b-b26e-5eaa675d9597,4.360682886611226,907
ab504546-9fd3-469b-881b-277472f30418,4.3585943113606636,908
a4de2a19-f884-48ef-bd1c-bc561085c0d5,4.358569979248387,909
56baf972-895b-4246-816b-7ad856da31c3,4.3583057093207485,910
c65274ed-0a8c-4eab-8df5-749973ff17d1,4.357472968211605,911
92855b4d-2b09-47e8-8a39-20013ec7e2d5,4.357254195851314,912
94a03c48-9f39-437a-93e8-6cf2d38c51ec,4.357177867031123,913
1c276c9c-ac32-437a-a796-07cc0996684f,4.355881191805954,914
8a267b05-0178-4556-80bf-be8ce1c30a99,4.355451979971579,915
cd3b37f9-075d-4d86-8da0-6d9e03711096,4.3517024232830295,916
6cf7bafd-4d6f-420f-afee-c70db0707ee6,4.351022602045854,917
b28fecfd-6245-4931-ae01-2fcdd0c89fda,4.350377805883257,918
3814e50f-f11b-48a2-8ff0-110ada5919bb,4.349834996739846,919
1a203102-01a3-44b7-b1ef-20f6e1ec6bc7,4.348901224758842,920
0a6c28d4-1051-48dc-b361-6f56ac8fa89c,4.348108327933752,921
3dcd4a3f-7bd5-47fd-b937-fa1667365542,4.346475572297789,922
785423f3-2f53-46ee-9ac8-91c443d95767,4.346096211168834,923
0037bf68-78e5-4757-9c23-3bae1f5418c3,4.345436445512652,924
c6d78ba4-6809-4c0f-ab1b-1bfebd4a11a5,4.344781621680764,925
4182ac0c-7305-4ffa-af61-5ae988dfc526,4.343884403787828,926
87cb2eba-08e0-43d3-94fd-39bf0c2cf82e,4.343222561771276,927
38895564-d6b8-4303-9aa9-979c1b0a2250,4.342630182402965,928
d5055b29-189e-440b-a9f8-9211e9e84ddf,4.341985384515879,929
fcce37cb-0d56-400a-84c8-867adca30857,4.341520564878095,930
6b1f65c3-f435-470b-b8a1-4b6ae3edbfbc,4.3409469820073205,931
9521de85-5a54-4180-89ef-eb450381c0d9,4.338303816393135,932
0c947039-83e5-49b0-86e9-c06a0a55627b,4.336541170054443,933
7f3e8168-cc56-4099-8831-5321ab925667,4.336244069763458,934
f31f02eb-dc08-4b9e-8905-780ef2fc7cdc,4.3314876245438985,935
b7418b32-2b1e-4cab-9250-423eb1948413,4.330744684763369,936
b0388228-1f58-4714-83c9-13bedae5fd33,4.3299749439622515,937
ed40a76a-4d81-4ace-82ea-8602c17e92ae,4.329507783975397,938
cdabc729-cc63-4569-b94b-01475f7816cd,4.328215816388426,939
32a82cb0-8965-4202-8fab-989e033e1460,4.3275864733690685,940
224dbb9c-1227-4263-b04d-de126b149ab5,4.326384599001487,941
0e1e51e3-971f-4333-8612-9c106992fb90,4.326074896658698,942
1721f729-dd67-4c2e-ba23-d94487a767ce,4.325817784594318,943
846969f7-96f9-4ea2-bf0d-8d9c0811d3a7,4.32520586783476,944
4f162ff9-08ea-4ccf-9d2b-bcd18b524212,4.32497927676558,945
92788153-40fc-4b0a-afe3-c84df99084df,4.324433115395724,946
2179b01e-53ce-4d74-becb-94314cb7169d,4.324071900360671,947
fd182fb9-d22a-4760-973f-1e5e32219685,4.323503555096781,948
2efbd6ca-cdef-4871-a4e5-5588cb9e1e4b,4.323260117780126,949
f14ea2e5-a69e-4dea-87cc-fcb82bd93769,4.321699439563403,950
4c26be0b-b9f4-42c8-acf6-d81f134523ea,4.321159541780199,951
fa601b8c-ad45-462a-9c4d-eeffd46e6129,4.3203049849822674,952
ef6b8e63-1de4-409d-9d1e-94f8d3947215,4.318832204543196,953
a206221a-0bbd-4ebd-8a67-e43fd28f9e95,4.318578591635003,954
155cf82a-80e7-4704-af83-c695b61b4b44,4.318178700329821,955
9db3cbed-4db3-4810-bbe0-ab605e0e86d1,4.316729413752335,956
2fd9ea03-190a-4aba-b41b-9b1751072ec7,4.316132081369727,957
c5262ad7-c0ad-4887-b5ea-6c68e42591ca,4.314820054496538,958
f4ad9120-1657-412b-9b5b-a69f8f0d898d,4.313420482718157,959
b1ba84c1-846f-42c0-a7a4-42d279082744,4.312964541784628,960
ba97b9c1-c8a8-4905-8de3-31b9b5735186,4.312246096090983,961
437b4570-6ee7-4d20-be8c-d5e66ef1706d,4.3115097313653274,962
af33a330-e076-43c2-a350-67368665603d,4.310992375738039,963
7792fb45-361d-410f-9079-06d00332133f,4.310162886377526,964
c4746c97-ab09-485a-b850-dce1dabe906a,4.30964498265385,965
601c9ae8-8484-4fe7-8ac4-b133b1bfc5f5,4.30870988818659,966
a892a3b8-cebe-4b9d-a2f7-0d2e8648e074,4.307927313478597,967
e7e00c9c-8c24-4ec5-aa77-aba880aba7f2,4.306999712804581,968
fb89d555-d28a-4105-8c86-9e2d1acb43f2,4.306484812655084,969
282ba358-21d3-479d-92b1-d64dfa1b2df6,4.303840658856804,970
f92e9a7e-dbbb-4e3f-ab79-e5a83272064a,4.303840524639445,971
e5e44bb7-3257-4dc7-8af2-4f37d5a1337a,4.303623223679834,972
25180f43-481c-4d08-b814-1f56723891aa,4.303440918931007,973
d7b7c83c-fafe-4e98-9af1-d0584b908dff,4.301481744193066,974
52cb80a1-ef98-462b-88a1-829260f69048,4.30077808830239,975
0045ab30-8fad-4bb2-93b8-3ad436c0e575,4.299488684434149,976
9b0b8714-3dd4-490e-abb6-3045cea47069,4.299067898857903,977
6db5ddcd-1a0b-4ce1-b19b-85a10755d049,4.297943988115382,978
25a7827d-a925-4345-b884-ee71760510bb,4.297905097411478,979
978f3fda-31c1-4432-9b50-decbf0d22a11,4.29680529514418,980
05e20c9e-7d03-4465-be8c-461e561cf61a,4.296207055991102,981
298c7a78-5ea0-4140-9ecb-b2affe3676fa,4.295972266544854,982
963b3586-bb20-47ba-9a3f-248a77e720ee,4.2951765030533515,983
79b8949f-8dda-45dc-8cfa-92227f29c1b7,4.294874232113901,984
b20ce791-9bad-4b5f-a16e-55c339d511f8,4.294685117307293,985
c17da1e0-742d-4339-8a1e-ddfe29267f49,4.2932078143723045,986
2b009db0-1ef4-4690-8bef-0098ca9edaa3,4.292139087110637,987
22e587d1-c0e6-4529-b4d4-c4d361aa4aed,4.2916978111581985,988
4aebca7e-fcd5-4bed-aafb-1af770575f40,4.2904557706890785,989
d7686d6e-ffed-4f66-88e2-bc6d5234b927,4.29023941896757,990
bb43658a-b507-49d2-84f4-833df19a2988,4.289745813807782,991
24a7df73-d980-4d1c-9645-ab5f6afab364,4.289705366396481,992
410a73a7-113b-49ba-a620-fa9f6fc21104,4.289056875030406,993
d6fc5334-1605-44f2-ab19-00352c0421a4,4.288822188775089,994
8d3e09fd-1354-4e37-8405-354a7cfe19e7,4.288671634220692,995
34033361-0125-487e-9441-abbd0b66ffea,4.288488064496165,996
8eed7713-c63f-4fe1-99c5-9b2ad7ba9439,4.285816202903596,997
05b1d312-92e0-456a-8ba2-4ae7d75b07c2,4.285051676443746,998
a456abf4-85c1-4106-8d7a-2469de218e92,4.283859590578561,999
f15f9f70-bf20-4492-a210-fc46f6e3f74d,4.282527962114239,1000
99e01c69-f1e1-4755-8eb8-fd38d3d86bf1,4.282386323475169,1001
dc98edd5-fa24-4479-9aab-0b3c6e3fa622,4.282287502448278,1002
6ffcc691-5ddd-4247-b28b-fb27758150d1,4.282012654591014,1003
b16cb894-3422-4179-bca0-45674ff6ea72,4.281629188677754,1004
af5358d0-a094-4b05-be34-d9b7ee2e3c05,4.280502155808357,1005
5453fd01-6094-45f4-ab2f-f969d1900794,4.279978423415724,1006
b394c548-b5bf-4e18-946d-3f32ef71d89c,4.279965122065351,1007
f022d324-5635-4e97-9245-fda91cf9915f,4.278711759090587,1008
8aa8aaeb-b44f-4efe-9985-1e79c505de60,4.27787138855723,1009
a5d21ce8-9633-4c34-9843-4023fd32fed8,4.277583423415887,1010
f7b044f7-5b8e-4f61-a43f-9284db6ff92d,4.27727005736023,1011
e5156753-28b2-461b-aeb4-c71696571597,4.276429861643995,1012
29ca294c-a9d1-4f0a-aac5-04d57ad34a5c,4.275975855890758,1013
50b5e604-7e3c-4efa-9c21-3f6d696f8ec3,4.275260906172568,1014
b900430d-1dfd-4643-ac42-22402702ce83,4.274260985963843,1015
872eb25a-7236-42b0-9393-83324a39fa18,4.27424877550148,1016
26204a4a-8e3b-4fcb-9236-6efd76a843f5,4.274151400820505,1017
068342ad-4521-4d1c-a806-4d6199ca1e44,4.273969463131761,1018
3fe8159b-7a5e-469a-9f6c-4ff6efac655b,4.27266923142161,1019
f4f6021a-2c12-4efe-be0b-63cb551eb9ea,4.272393428147393,1020
e47722dd-7ece-47d5-b64e-a3f7a72c7b6f,4.272268767327745,1021
a0b8d813-60c7-4f80-bd05-0dcc45c82f40,4.271070424098056,1022
14c88b6e-bce9-4ec3-85d0-85b7713e8e45,4.2696483499167,1023
0ea75900-abc6-4e24-b45e-7983688a1595,4.268664944672443,1024
df14f4ff-d226-4298-a2d2-ed27b3350d7f,4.267509058192818,1025
3dac211b-c032-4e76-87a0-71c62d7ea9c6,4.265374927861018,1026
d520e2bd-f926-43ca-b043-6ea3d11d7f39,4.265259053037842,1027
365d7e01-6b60-41b5-9ed1-4e4d41bbc9d8,4.265231238633673,1028
1a33f98a-a4cc-4f9e-8e6e-0aea5d557a33,4.264394461878352,1029
818846f5-b32f-4e43-8fba-1f5d1e37d72d,4.264149420599681,1030
35da5c70-d6ac-4561-b2da-405368d70091,4.263883639197287,1031
19b39fb5-8e92-4a9b-b968-35df8caab011,4.263660295438149,1032
86e45009-cb82-4dd5-a910-b189c973a473,4.263256296197987,1033
f31fe68c-5e2d-4176-b48a-4f7ec364252f,4.263139880091124,1034
9ed190d1-4728-4576-b427-8633d79f4f56,4.262812215842905,1035
3782126c-fca0-4bb9-99ef-3746f5e82898,4.26230727350101,1036
e9b07537-3206-4816-9196-8e2809881eca,4.261835712755693,1037
4eca51d0-fbeb-4e0d-93cf-288d23f5d301,4.2614860553700895,1038
8fdf5d3e-f6a6-4d5b-912e-1f7788b7727c,4.260932858806611,1039
87fc0454-6efe-4bd5-b316-151f50007a0c,4.258347661815342,1040
9b11cde3-7d31-4e89-9a46-bb6290591673,4.25756058554915,1041
dd7fa4b7-cbc4-4266-8b9d-1062f57de891,4.257267250420766,1042
83120d6f-de3c-4c7b-afc0-32dcb95239b0,4.256980537543666,1043
ee062953-b5be-4a24-8be0-915b2a1041b9,4.25679329514151,1044
a1130d72-4224-4452-87bf-ef3d90333d55,4.256270703959385,1045
abea9809-29a9-46bd-b693-9f3092fc36f3,4.255668490070302,1046
fc35936d-bd76-4442-979b-89ac0bef3f07,4.254281214444259,1047
89239d7b-af34-4e39-acd6-e267578664b2,4.254250139488897,1048
40f04a0c-438d-4e48-99e2-e029aed6756f,4.253262842915002,1049
27c3de86-858b-4097-a807-43c7a4dcb09b,4.253077677456401,1050
e15e9c58-dda6-4ed9-aa30-c612bc10515b,4.2529805592341035,1051
ae9e1fa0-953c-421a-a273-6f12995ab766,4.251762567633407,1052
dcee1284-135e-4ae8-8baa-d4cc28b76341,4.2512220143508195,1053
39be316b-a5f6-44a2-98ae-ef45f734d20b,4.249704724130147,1054
8e6d2ee9-5e3a-499f-9555-b32fab4eb40e,4.249065197923333,1055
e42b19f3-77fe-4976-b5c4-aa6f4c0119e7,4.248877990750618,1056
96eb9e22-a002-4c8c-9b35-335249b9ff5b,4.248843041158759,1057
a97933d7-7f35-41d2-9358-67a8979e131c,4.247944251015112,1058
05d710e1-96dd-4d40-a294-1a84eab1cf39,4.247657958370345,1059
d035cbdb-d7d1-4b0b-b31b-a8209fb19581,4.246916405818679,1060
13f8f7fb-99c0-4330-af92-f974437ae406,4.246557230325518,1061
a343d3f5-5d32-4ad0-8761-7e4bd3f6550c,4.246218348416496,1062
f5b5cd79-4aeb-4eda-b8f1-30ba0d066773,4.245286538798999,1063
7e64708e-5c64-4f04-a1ba-a5a66a7ece3b,4.244405249396546,1064
16ee500c-4ae2-487a-9a22-ab3bf7406200,4.242667234348998,1065
34fa1ce7-1a39-4fc9-83e8-683073898e19,4.242657825223403,1066
7162def1-1576-42a1-b228-0460ac776858,4.241832624169321,1067
7f844f76-16c6-4e0c-9bd5-0815af9e5956,4.2416649581889825,1068
096aadf5-cf5f-490b-8bb1-0851601fe4dd,4.240840759577722,1069
be016bfc-9445-48bf-87da-34049ccc9e9b,4.240648805097661,1070
2a20eeed-0305-4a65-ba8d-cb2d2d7dffc2,4.240064891705647,1071
1d55a6f8-fdd1-47a6-bead-a75fb274645e,4.239468112154485,1072
37c57ede-8c53-4c70-9115-bd69aae6fa27,4.238950033607881,1073
f8bb4c73-6d7d-4799-ad6b-2656ba4fbdbe,4.236626275504749,1074
213548aa-8c45-4188-a8ce-e08f23a17f4b,4.236144801879997,1075
364447a6-02cc-4b26-b268-bf512aa2ea1d,4.235574142788184,1076
a68058dc-9bc6-45a2-a55a-991aa33058c3,4.234657079402503,1077
e8557f7d-6d3b-4243-a1ff-71e3fb277df3,4.234240439835076,1078
3ff1c24a-f043-4780-ae65-e3f6adbba0c9,4.233876794672066,1079
1ce4caa9-ff90-425d-ad5a-56fd9cc41605,4.233517980250815,1080
560f08fa-99c4-4885-92c2-69d88ee9f2b0,4.233107481302247,1081
6bdd0bf4-91ae-4896-8b21-cc0dbdb9e452,4.23290518143235,1082
59efb036-e6dc-4324-a0c7-63174751cde1,4.232215642378345,1083
c421d4cb-4218-4dce-ac02-4952d88e5169,4.230913685493261,1084
4d198674-8425-4ef1-bbac-ac08281aaf8d,4.229787198742615,1085
4972aaef-27c5-448b-99ef-caf9e1882ac9,4.229495331012648,1086
0dd71ab3-40da-4e40-8bdd-4baf846694d8,4.229151373936807,1087
05cd7565-db5a-4a57-a52a-fbb60fff993f,4.229009032196183,1088
df62dce7-b9e8-4435-991e-20b8e571a789,4.228826679755442,1089
c92f91bd-449d-4c99-8174-efe802a08153,4.2286788447641115,1090
56a43196-3c2a-42e3-8b77-f8e53fc2aeda,4.228457259447419,1091
e1302e69-97ef-4a06-9a5a-3d7cd6580fd6,4.228364321172461,1092
baa5169a-786c-43c5-a73d-42eed65f29eb,4.227446137444081,1093
be6cc67b-c564-4534-8ac9-4a3208fe67d4,4.227303107510412,1094
7b9c5c5b-d60f-48e7-8cf5-2466f2e1363e,4.227294318507211,1095
1cceeacb-8ef3-4bb4-ae7d-5421c544e8da,4.226758919582348,1096
44b5fd39-8984-40e4-bc00-adc1f2328601,4.226185941126081,1097
a6fa04a6-9707-4c0b-a429-ba777f08ce16,4.2255953489237745,1098
1440df8f-82e2-4032-ae21-9ddc436383bc,4.225470465826587,1099
3e251823-4f17-4f6c-8231-0c90f4023b04,4.225209259008873,1100
b9038310-4a3c-4fe2-9503-3efa982472b0,4.224239356604145,1101
aaf5e493-fcb3-4d9e-94e2-8f6fbd6b021e,4.224031391139491,1102
4ca47fb4-f5db-461e-b6b7-51ac429cbe8b,4.221594216685217,1103
52df4090-cccc-439c-ae62-6f7ebb95310f,4.22158114906125,1104
1c95ee79-b569-4dbc-92d7-7ccd4298b741,4.220670122157721,1105
fbd6b2a0-09fc-46ee-8b0b-5bb60490960f,4.220550786691222,1106
4fd88667-f037-4ccd-aff3-eeab26c2247a,4.219763165819035,1107
0a52b7cf-e3c4-4366-9bbc-fe374ca64b63,4.218533715446647,1108
f5197ea8-3381-4220-be81-171e29c70ba2,4.21844219606346,1109
aed0e83e-6b62-48d3-9aab-bdcf5cd16700,4.217354695992973,1110
79bcb737-9cbe-4b86-91b4-67672801a25e,4.217261498258581,1111
5b268c97-de9f-49b2-a72d-27e5050087ca,4.2170029509497,1112
7bf35a29-7125-442d-b299-cde47a817a84,4.2159055322301136,1113
e0d184dc-7098-44b8-9592-b6e3fb886b5b,4.2142768339713665,1114
efe58b10-9cf5-48ef-b4e1-e51839293832,4.214091886102802,1115
9ccbe815-df9b-42d1-bec7-b13369e1a7af,4.213346830250658,1116
43674ece-024d-4ef4-bd70-4d0d08a13c4e,4.212829676974341,1117
31ed710e-ba66-4ab7-a01e-5c7334c40ffa,4.212450796511324,1118
add981f9-b30e-42be-89e9-204f7cfd871d,4.212148130888885,1119
b2d38d35-1b6a-4b5c-b24c-27d132deaf2c,4.212096522806058,1120
0b764b02-14f8-4d8b-88d8-aba72508d3de,4.211975426357345,1121
ba973cd4-cc92-4748-8eca-fb055c6e214e,4.211231336361017,1122
2e601cb3-ea96-4b4c-89dd-3a47cf743edc,4.210754377668778,1123
a3b683c9-8c33-418d-98e5-61d77f096e34,4.210345291483543,1124
29a99cb8-7e1d-4377-9031-1a92e611b4fd,4.210082363299268,1125
45dfd32a-6ace-4534-b85a-7ed05fd0593c,4.210055047557907,1126
26bff57b-72a3-486b-8629-7490fc7ff4a3,4.2094933255683635,1127
74ddc895-535f-4b56-b065-a484d4cf971b,4.207479644442786,1128
a3cc5e1c-5b0a-4ff1-a842-69c19dfe5af0,4.20597447491933,1129
16562cdd-2d35-4fe4-a013-85f8c9e86ca2,4.20497169519405,1130
362af960-a1e5-494f-b906-a052708af304,4.204701378680646,1131
4f186e69-eddc-45eb-a44c-e94bf7917a7e,4.2034613545296375,1132
0d7c22ae-c3f2-466e-a4d1-51ba3ce32326,4.203118248176422,1133
252aad3c-5443-4bbb-b024-0f25b0f47d0b,4.202635598242037,1134
502d6ba8-8525-4f3d-ba30-c3f073b31179,4.2011080415893165,1135
f9316ef5-f037-4e2e-a701-dd6f8146145d,4.200494012743821,1136
792fc633-7336-4000-855d-9dbaaf203d53,4.198514999328511,1137
26110000-d6ca-4f52-938b-ab949a822906,4.198493654087612,1138
ff81a38b-4542-40ab-9aaa-2e2efc0ec273,4.19838981133153,1139
9d743248-6621-400e-a620-95e8a4d28c65,4.19808073555716,1140
1ee50240-de0d-4075-bc77-e036a691b9bd,4.197312578981022,1141
6aff45db-71ee-430d-ada0-1bb803ccbcf5,4.1969021886007685,1142
48410008-aa56-4cdd-91e0-89e071c3ecb7,4.196629117755738,1143
110f4488-117e-440a-b874-24c419c5dcf0,4.196405807977004,1144
95d3b02c-74bb-4088-82a0-3256f5d01f54,4.196360656092335,1145
336cbb25-f21f-4228-9969-fddf1ce5c337,4.195741016969844,1146
2300e222-651c-4a1c-85d5-d5095ca2aca7,4.195465787426218,1147
31da443d-a383-4544-9f9d-fe6a8abbea52,4.195188628832114,1148
e331df95-e50b-41b9-bd54-0088dabaa547,4.19368912034375,1149
f94b9293-8994-4e7a-9174-315040e9466a,4.193197417609898,1150
8bec607e-eb49-4497-81b4-944e4f178c86,4.192795371722508,1151
813cd19a-b233-4d32-a7ec-fda7c3949117,4.192226642290334,1152
856aaa21-952b-49b7-9f21-e0b3343a8c12,4.192184957714838,1153
25a2cbeb-eedb-4eaf-a22d-56346afb3c7b,4.191932124593884,1154
741968b3-e7ac-4ef4-9386-fa154f0f8697,4.191877839498648,1155
381b338c-9e3f-45d3-ae9e-dc0879478d32,4.191736511161054,1156
9ae09212-d25b-451d-afe8-b5aa5bfeb3c5,4.191341577980125,1157
a74a86b3-17b5-47df-bc09-989c974a5fbc,4.191264761026335,1158
d7177bc8-4be4-4a35-8bfa-05960c4c4463,4.191201922331794,1159
4b3aa8c8-c23d-4ae8-8ee6-b3f136439ab5,4.190998801472199,1160
a2c6af68-958e-4a34-9fb2-3e8a72832c72,4.190549285312864,1161
ae1b0fa3-f4bc-4433-9169-085706aabbc7,4.1904391804946854,1162
d00aa50a-dd4e-498b-b0f7-f30bef2c32e7,4.190079397239597,1163
4bb770ad-b47f-495b-b7d8-7d7ae533a748,4.189790453208327,1164
a71c0253-9bf5-4668-8740-0141beb31d9a,4.189704539457542,1165
b457efb9-1437-4062-a5d2-67b13f6c72ca,4.187708785452081,1166
e9571fcf-5e7e-4f7b-9107-581454574757,4.1855582299183824,1167
edd419e5-0ba3-4c6d-8832-37d105499172,4.1855480620362675,1168
c969b31f-9fd9-48b1-9b45-a55534eb2638,4.185124781843031,1169
649aec93-0462-4143-aa68-d157b40fe770,4.1850418946863375,1170
99264827-6b52-4253-b484-d9f274df6e41,4.185038883943299,1171
d49db9c4-4d28-4e76-ba49-fc95ec0e148e,4.184887962873044,1172
5c9033a7-9692-4f8c-83d1-9c52f3a3e8bd,4.184165215543933,1173
8a77a905-a475-4e1a-89d2-91d12e7d4e6b,4.18404928269774,1174
f1744aa7-c445-49c3-8f36-c0576d646a86,4.1838293821855075,1175
cf8e6137-5427-4084-b128-40359fc6e57c,4.183455192256979,1176
ea4a0b48-089c-4cfd-85fb-8d5863e17437,4.1828650980155935,1177
f0917a38-8fee-43aa-8356-7359e62b628f,4.182123973879054,1178
cc52e356-ca91-40f3-a330-d640f1140369,4.181953438940957,1179
1e741e13-0e19-44b1-9ddb-c452bbeecbfe,4.181727560646043,1180
797b09ce-98fc-4fa1-aeca-b74cb71c44fb,4.181372007657173,1181
9f8aa295-c0b2-4f94-8dae-6f0c4e717775,4.181085522019388,1182
754c6b3a-3e86-40c3-b265-01fa93d7d79f,4.180931684905283,1183
799d8c98-8ddb-4145-a604-bf89851d80c5,4.180930656407909,1184
b01576c4-4065-4b2a-98f7-05dcb5988586,4.180875596619682,1185
455f07e7-19cc-41fa-9e62-b90b45ff2030,4.180773257072722,1186
3bf2132e-3872-4c2b-aaf4-14b4c6d1b98c,4.180514624158571,1187
c53696c4-e849-4fb8-acd1-8af3a7141d2e,4.179845597936623,1188
a76e0517-968c-4489-8b3c-2aa0a7357086,4.17984215881007,1189
4f52824d-eac4-4cf6-8729-eb3242dd9419,4.179457764740279,1190
c4a224a5-5fc4-42b5-bf87-0694fedaaaa0,4.177444657186546,1191
9aedf7fe-2a90-42c5-abd0-f3dc0e5f0b48,4.177382393393632,1192
35517a1b-8af8-42a0-b4fb-1aa438fabae7,4.177026231672538,1193
c706bda6-4c7a-4205-8f33-59976b4b720d,4.17639016507035,1194
d9d3e81e-3bda-4721-b06f-5536a03f0435,4.176224126595408,1195
297fb834-57df-414d-b04a-1bd5622448b9,4.176179257357198,1196
429f4016-d07a-4a2a-9b43-25aad416714d,4.17606901659872,1197
bece798c-f6b1-4566-8d79-f4fa1762bc57,4.175528924033669,1198
1025a0e2-7a04-4ae6-97bc-286bd1fa0ee0,4.174738690188355,1199
302f2eeb-a304-495f-a589-6ec9a383b851,4.174451640470966,1200
1a24ed82-c32a-4e64-a654-6709d48dd630,4.174418590031813,1201
b6c9df74-216a-447b-adb3-188c236ab83d,4.173901373518393,1202
d85fbe65-3a23-4a0e-bc41-f10c7a318270,4.1737519047109615,1203
4dc84177-c84a-4225-8dc9-31db911703d2,4.173303637795059,1204
1ec37217-c5ab-42c6-9fcc-a4438945e258,4.172618276195725,1205
cab2ce38-e6d9-40f7-a925-5d2455e3ec23,4.171937309583229,1206
0116c06c-f416-42f4-b7ba-d9bef5839621,4.171340135054333,1207
320f04e0-02ee-40ba-ba16-1b4af883fa6c,4.170640091182293,1208
1425fd62-50d2-4044-8033-22eb8444016d,4.169466497232774,1209
dc96327d-a3ed-4c8b-999d-d1ff82262998,4.169404711946052,1210
5d5a1d06-3de1-4ce4-a769-850361681a36,4.168405779301294,1211
35b11daf-44e3-4670-a2b3-72f619c9057d,4.167419236686912,1212
3e90db22-06c5-4967-ae4d-9ce10ff77fb3,4.166866639879324,1213
24b20a8b-4cfc-4d0e-893f-7c293e5feb57,4.166756354276852,1214
cd43fdae-4c62-44d0-9a0a-115379d69ac6,4.166142515324356,1215
dad90255-0492-47d5-9b25-4c8929aa2c9c,4.16580663295533,1216
57035bdb-02db-4b66-9d8f-e002ff592df1,4.165051424585405,1217
4e972726-73c8-45a1-8338-a16e4b12fddf,4.164696709379189,1218
fad366f2-fa18-4af3-9dee-7bac4b72cc43,4.164503053117341,1219
3fe2b8cf-0c3d-47c2-ad9a-f267b82d762c,4.162676021826804,1220
5c079b94-9818-4161-96f0-e6f32069ae76,4.162477736505432,1221
8a93563c-3751-45ef-8bf3-ca7539c01ef1,4.161644544804261,1222
f1b3b877-7f69-463b-a53a-b52f333c58b4,4.161419937600718,1223
24f184ce-f461-4550-9070-96d65897586c,4.1608731285220735,1224
d58fd7da-6ca6-4d46-8adc-f7ea5f48e65a,4.160094255672453,1225
12fe5fb7-80bc-49e9-a92c-5fc4a51fa9bd,4.159753839810762,1226
bd1b59f3-0857-4e2d-bd22-403005784207,4.1590720512778585,1227
a0a64f04-5e7c-4a1d-92e8-d296d46217bd,4.158788950927389,1228
bdad0214-076e-462d-b589-f3ecb6cc28ce,4.158775871268434,1229
89331a29-cdac-442d-85df-bd4f5405d6b6,4.15832957928718,1230
99ea9db8-5aab-4cad-bac5-d387bf7ecd57,4.156738112308456,1231
d7cb8da3-69a8-4434-a5f4-a0267b1b3010,4.156657364193906,1232
63ddcb6b-c8ec-45a5-8428-965f27368612,4.156313339843986,1233
7d061e55-78cc-4aa8-a82a-3c211276c06b,4.1556163952011325,1234
d9cc5448-8cd7-4c3a-ba2c-8efb6753833e,4.15539558311954,1235
cc2e637c-f49e-4f5e-b468-e8f841023479,4.154438144501179,1236
335bfff4-c1ef-4a76-bdc5-363f61b5b1e5,4.151779059604062,1237
eea46c9b-d24f-4983-8163-a521dfc7dcc3,4.1510068507752775,1238
e471437b-f538-4292-8c68-b2fbea3ae3f3,4.1508515804582204,1239
c8a863aa-4bf1-4606-adcd-c032fe5c0c30,4.1504066093015695,1240
898d204d-7d55-4316-89fa-f8cc1ab10f81,4.15012115502767,1241
2a9bbbce-b41f-41b6-a55e-2a1682ce11ac,4.1496918136217,1242
eed715e7-f058-43d2-bc65-9a5d22883aef,4.1494705889730685,1243
e59a9568-3b80-474b-97a8-8700d33a82bc,4.14919923307558,1244
0a8f3a89-fa21-4ac5-945d-10e2ab65c02e,4.149179897909884,1245
23b8a940-0c7f-4d31-b72f-539ab2afdde8,4.148727368572521,1246
859d6cc1-84df-4ac0-9538-aa28080d4d83,4.1484184371876305,1247
34b500f9-b3d2-4d27-8dbe-2a020f0d728f,4.147331547032946,1248
36538c71-5ff3-4335-b9b5-a18e248155ed,4.147023196982555,1249
d5eb8970-856e-4a39-8e0e-ee5ceffc4170,4.146207453017428,1250
e2176a39-b97d-4208-8067-cffcd38c2d8c,4.145331242820756,1251
0120cb8f-75df-403a-bfd0-6560a4fb7ef0,4.145321420285263,1252
0c6dfa62-5cff-4978-aab7-3201bb7431e5,4.144092905436936,1253
b87a8f9d-980b-4ab2-bf99-a2c92e57b533,4.144038612246091,1254
bfe34215-213c-40b6-ad05-e741fa12d74d,4.143946374587551,1255
0fb28ab2-073d-42b8-a68f-5ede154e2c58,4.143354771191032,1256
f1e952a6-6cf4-4909-945b-063b2e3eb474,4.1429970248498575,1257
189ae962-5df4-4bfc-984a-e2ef3f3d522f,4.142668182778385,1258
427ef7aa-f9f2-4012-a27e-ff3a584e3c1b,4.142337410471975,1259
5c0a44c4-285f-4aec-a10c-d00ce704e416,4.141899169713329,1260
759212d8-47b2-49e7-af1c-2597a5620e9c,4.14183077979517,1261
21af8709-a253-47bd-9834-8a01dd27c27c,4.1417320486041405,1262
6b01bf5d-d000-4c52-9569-25e1a7a90c31,4.141482937534938,1263
f850e971-c3f2-45e0-9695-1e637c54b059,4.141236732947278,1264
30a596e0-4fa6-47ac-9208-e827996f2969,4.14090667517896,1265
18bfc0a7-1c05-45e0-9b54-b3a316c53310,4.140369910131328,1266
e353ee84-8cc2-4f02-abb8-d977a0d544fc,4.139845530230049,1267
1d4992a6-ecff-4e0a-b57e-5d17c31caf23,4.138768828438727,1268
9dc53a8b-bee9-4dfe-96c2-ee666f49b4e6,4.138767760398618,1269
b031b80b-af1d-41d2-a0b4-61aa6411e705,4.137793725875804,1270
688f60c9-6313-420c-837d-721b0067e634,4.13744802692009,1271
24227a6c-bbef-466d-93ec-e134521f2020,4.137436325420715,1272
4f0edd5b-de7c-48dd-95d9-af77966b5440,4.136034437867554,1273
47ef1a28-a8a5-4520-8258-3052d4d914fd,4.13507729551038,1274
48e12d1e-ec63-4585-8958-3bbc0f80a275,4.134330569549113,1275
9dc14d2c-d844-4dad-919e-33773c8a817d,4.133675924218724,1276
f4e01ffd-66f3-4405-b0d8-4a0a93dd7ee8,4.133026273356468,1277
4a0ae47e-8797-45d6-91c9-7f59548eb7e5,4.133007704657717,1278
906744af-7573-4804-b05b-2721da3f8ca9,4.132780139040684,1279
09e8e6b5-45f3-41d2-bcaa-d9e17dca0993,4.132757054040938,1280
0e37bb86-62e1-4802-ab6a-aed0d4954ee9,4.131283353255195,1281
8d07fde7-cc15-4217-a3de-005f280a09f5,4.130861266465834,1282
7cdfa822-ee59-4db7-bcb9-d9241cc5654e,4.130769618944077,1283
5e9627c3-9b7f-4546-855c-435f825682f0,4.130341183299623,1284
b060209b-3b50-4907-ab30-5d328bddcbec,4.129374551587774,1285
dacf6984-8cb4-42d0-a338-5ab6e2dd7566,4.1291438410314445,1286
32077617-ca19-4c65-915b-277c8b15bded,4.128903440800138,1287
33945939-0ce4-446f-8472-dd0c37205fe8,4.128372220976422,1288
aa59d6d0-583e-4add-ae80-549e8605a9af,4.128257219925945,1289
55a77133-3c58-4519-b475-ba696c3d994a,4.127579186998005,1290
efa4d62a-27c8-4d6a-98bf-ef5ff18afd91,4.126255392566605,1291
14df1f0e-aaa2-4a7b-8389-f7433e0b84fc,4.126101338272772,1292
a5dfc407-0d6f-4003-a017-f6b064944739,4.125852014537603,1293
88fd1703-4281-46e0-a5a9-f9379c52c690,4.1254041038705145,1294
030ed209-729b-44c1-b5e0-9bd685f4386d,4.124941243802216,1295
d8eed29d-3f5d-4fd8-85ae-6ac12a1a69de,4.122651864751513,1296
62d83530-f285-471a-a9c7-375c7d3f079c,4.1215023687761185,1297
15c97c40-126b-4882-97f7-b1693a942a91,4.121032505980041,1298
76b82b9e-b80f-444e-a793-0221238e4f89,4.120879627114536,1299
4aac43a9-a7fd-452b-a23d-c5f1e170f59e,4.119865303287771,1300
4b7105fa-7e9d-43ea-8d2c-d9287c7cb01f,4.119614290028667,1301
5bf5c7e3-3328-49b7-9f21-ae873cfd1f13,4.119553146038559,1302
1565dab7-1dc9-4bb6-81a8-b45f4acbd349,4.117549133150929,1303
dd35110f-2ed4-439b-b7ef-fd93af5db11d,4.1165460928055815,1304
b62000af-3e3f-4cb0-b296-f423c60974ca,4.115940130725866,1305
47ca0dce-ba59-453d-a6e6-835ac562541f,4.115151669405899,1306
95d58f18-5d00-4f22-8480-06684f74bcc7,4.11431801050469,1307
fc1f7463-cdb8-42fb-bafc-560608b4e824,4.114276620173201,1308
dfbe4b5a-2c7b-4e7d-8ed9-5b9eb0a0ae8f,4.113898848710857,1309
14eb792b-88b8-4c63-a6ce-a21630484047,4.111753436974685,1310
ccba56b5-f949-4490-b04d-70a75f389e29,4.111525540659714,1311
a9779186-c82d-4dab-80a8-a914277a2337,4.111249426384732,1312
b3d5ef15-de47-4b8c-8db6-f0107dcf4124,4.1112238533382826,1313
b02dba8e-f3ca-477c-95f4-76443d061ce0,4.111013803092426,1314
4db5c671-6a2c-4d9f-81c0-d5f49ecf02c1,4.110566071688665,1315
f0375186-bc1e-4a64-ba57-54091523b252,4.109291879122929,1316
2f385b6d-7fdd-40d3-96ed-d037d767bbb6,4.108479228317221,1317
2dcd4444-5b7c-4e09-ab34-cb6394b2aff2,4.107650183069745,1318
416be24c-277e-4305-b3cf-1cc9fd072bf9,4.10728658477191,1319
9c88d305-2fd6-43ce-899d-9003b6035c67,4.107180642255321,1320
cf2ab898-75ca-4d35-839a-f4cd17cf1a2d,4.107178629365598,1321
a21a1254-8dd3-4300-a2cc-ab09f7b97dd0,4.1068201895264504,1322
a1117179-11a1-4564-80fe-8a30cc8e997e,4.10643648777457,1323
9bebb477-5104-4cbc-af48-1c841fce01fc,4.106154579377785,1324
355a390a-1b5b-4c2e-b645-8a7c7d686d7d,4.105562850578186,1325
5401b66e-a33f-4c6e-bed0-c1cd32f1ce0b,4.104801802094789,1326
03dca073-e1de-432c-bda2-ebbf23fad1e9,4.104547029367975,1327
236cd279-66f8-4f5f-b11a-0d1407420193,4.10366843729412,1328
f42d8482-973f-47b3-a44e-d52980064e91,4.1023794547588475,1329
2ac56771-190a-484a-8dbd-868a19c2d57b,4.102314168060488,1330
084d3bbf-8f9f-4fb8-ad5d-2dee60db761c,4.101979790000934,1331
720caec8-bab4-4d43-8874-ad8128a925a2,4.101797983896238,1332
f503c759-688f-4b17-8456-5d9465fdd28e,4.101763817751836,1333
11efe4c7-03d5-4d85-8d6f-7cbf6f134382,4.1014675439669634,1334
4610dd73-b42d-4c46-a4d5-2be7e73fb718,4.1005461975385105,1335
9c181d4b-9a95-492b-ad11-3f24413663b5,4.100269486154367,1336
8e097975-313f-4503-b850-dd9299f5d059,4.099141435278794,1337
59820e40-acf6-49f8-a462-81dc429fea8c,4.097070653927211,1338
dbd48769-c0f4-49ce-9382-d01860b77f5d,4.096947918004944,1339
34da6370-2b6a-4a44-a512-a9a61cb0577c,4.0969238634175715,1340
00c36250-24a9-42bd-9361-0c9dcf1cda3e,4.096888102688701,1341
ee3fc18f-c849-4a3a-b5db-c10dcb8eb2eb,4.096804616704321,1342
22616a6c-31e5-4a9f-b919-6204529b4459,4.095659123562659,1343
c8aa3433-ccc9-4a97-91b4-41c4ecd524d2,4.09428971820945,1344
3cedd1d6-7f58-4a42-8762-48589dd5015e,4.093993945476057,1345
e75c44d2-b5f7-4b9f-972f-505e96a4d2c5,4.093782266187822,1346
b6c223b2-70e5-4435-907f-1a7629efdd98,4.093239444457911,1347
9101d0cc-2bcf-4535-9a2f-f6e928fcdfcd,4.093164624854751,1348
be8ba7e7-521b-4758-aaca-12d8a71a39e0,4.093131035754073,1349
d7fc4909-0f62-463f-9c40-ded464425bd0,4.092998440064481,1350
424769a8-145f-4c4f-9eec-e246d23c142b,4.092602667127381,1351
baf59bce-c285-426a-921c-5babe7dc2ffb,4.09246825408958,1352
56a6e95c-1af1-4053-902b-3246094d2e0e,4.091282525573844,1353
2ec9a52b-e41f-432f-9270-b3ad9642077c,4.090773217963331,1354
23d33423-48f2-4229-a2f9-8aa3a4cb5f3a,4.090467515190887,1355
4cfa592c-c2e7-477f-bc73-92f4469f6a0a,4.09041380471881,1356
ca04aac7-127b-445c-a2c4-9150ea717733,4.089744379652713,1357
fbd4795b-4a17-4006-8ff0-c37c145f02d4,4.089417025740697,1358
d8e9d5d1-5148-42ae-ba47-37499f5aef20,4.08813670138153,1359
a4841f2c-ea0f-4724-a04a-5eaedb87b939,4.088005971447638,1360
5e8257ab-3ef7-44cf-af67-a48c9c7e64f8,4.087729493652675,1361
ad304bf6-1eb1-468a-880a-e90b1fbe233f,4.087628224838508,1362
071b9f15-0fd2-4adc-a66b-4e3fbcaea668,4.0846975799224285,1363
e8073fad-effe-417e-8ff9-3c13c8d411a8,4.084643377934492,1364
5af66feb-04b0-40ee-a3b7-0f92b966a44b,4.083961885721308,1365
0e4815d9-2111-41e0-9dd8-2a4a263e66db,4.0838849260014,1366
99cb64e2-e5f2-4632-a381-a4f06b73b07f,4.08379447931585,1367
db2eda51-95f0-401b-9b52-890fb33b791d,4.083062585463346,1368
a3da960a-b1a5-4082-9385-c937dd96d278,4.082049048181473,1369
e53b1c8c-0ff9-47f5-aec9-f5d9d84acea9,4.081864067762591,1370
541d5b35-a4c5-42ec-9621-beda1fcd40a2,4.081731424053577,1371
ba76952a-59f8-48dc-801b-337d5f85f790,4.081326274279731,1372
85ece579-d042-4e3e-bd46-5a132a6a86cf,4.081269042377841,1373
d6dcf1ac-4141-416c-8158-c325d893b31d,4.08053815036591,1374
b43ff912-ef39-46c7-84ff-70e32e995141,4.080416276621198,1375
bace946d-3b09-44d6-8d3e-80cb89afe440,4.079870242701315,1376
6f4769bf-3c61-40f3-89d0-6d6169694c72,4.079280701104786,1377
5a98dd42-8bee-47cc-a2b5-a235f2012330,4.078765938139194,1378
e916cb73-c526-4828-8a0f-5d4460377625,4.078730423135521,1379
7377c91d-390e-409b-95de-470bc0261ae7,4.078241648165666,1380
1b5304c3-d327-4412-9e14-294797814fe1,4.076977868052647,1381
be86b6bc-642f-4eb9-a3ad-4bf2b3ef0912,4.076779823659781,1382
0e7c71f1-8ab6-4915-87d1-dca3cb8185d7,4.075764169040021,1383
8e4d3cba-3a82-423e-82eb-f4b6cf83e1f4,4.075383574095663,1384
e5156b7d-51a4-4d8d-9e1c-44c07827da03,4.074640377995381,1385
9323fead-83d2-4311-94e5-5593a4092777,4.074562858187959,1386
93af8545-0361-48de-a9e5-79f379899a8f,4.072719438191981,1387
3920ef60-38c6-4891-bf95-e1ff65885f0d,4.072362901325584,1388
9c0aa64d-2eff-4b17-b6fd-dd16d21b87ba,4.0721310013345136,1389
97cfaee3-b940-4fa5-a0a0-8d76f5d89cda,4.072112343745988,1390
7252883c-c4d1-47d2-887b-8e1960fa9b21,4.071854486028306,1391
4b2bd9c4-beb3-4cb3-a07b-e3e208071ca6,4.070968087843552,1392
b5e1ca55-f090-4829-bf81-c774931689f9,4.069501653662901,1393
9b017663-d1a6-4e87-a921-4a266dc3eaf3,4.069073791514724,1394
d4c53c72-dfa3-4915-83dc-7bd224a2ca9e,4.068872351673897,1395
fb7cb92e-5790-41ea-bf5d-09ac1e24fe6c,4.068717352281463,1396
371cd069-55a1-4cd0-9cec-0fd59f01220b,4.068215760457165,1397
df563aea-17de-4ab4-b3f8-23fade305a70,4.067907968676708,1398
6abfb955-3ab1-4e0f-9f63-5e1f51daeef5,4.066651103516221,1399
c37a5041-7357-4b2c-9a1e-a23dee60dd30,4.065798845213315,1400
eace7963-9ff5-419c-a4c3-af904f9a8ef0,4.065445648596012,1401
65b5e892-2e3c-48e3-91b9-582086bdd2b1,4.064958774027191,1402
3cb134fb-4958-48f3-837a-bd0d6370f74f,4.064602352902953,1403
9b43eb1a-661a-4541-8c47-29b1305d55c0,4.064397504047566,1404
67311bae-50ad-42c8-9eda-2cffd9f213d6,4.063743018367925,1405
59aca616-f1e4-4ca1-b230-86fd2cc1ed00,4.0628581856521535,1406
42d1d561-703d-4fdf-9e9e-f8bdbb4e7c40,4.062536409046024,1407
7128bff8-f0de-4218-a142-1f94e87abc96,4.06244690673792,1408
17494795-4a38-4539-b435-6657b24bae70,4.062308385128997,1409
feefd8fc-f82f-44bf-b5c8-2eb04dd88c5a,4.061658288771282,1410
2f1437d4-1c3c-44ae-8560-f0f950bfd27e,4.061338459678654,1411
c21d906b-805d-4647-bef2-ded107c7a2dc,4.060804032562437,1412
ee1115e8-56d6-4c69-a6c7-17be478c228d,4.060392187513941,1413
1db66a30-6f83-412b-ac92-3ae168b6db87,4.060056440996844,1414
cec4180f-5c10-425e-bd01-a34b4caae4a0,4.05967617130499,1415
1f5c63df-098a-4999-b119-7ad3718c099f,4.059610714571441,1416
778478ab-de66-4a4d-bf4d-43276d92f5a8,4.057961996384692,1417
52a59177-226f-4a8d-bd31-8f92f1197422,4.056941353635962,1418
6a00e106-342f-4c90-bf3c-ba88772a6d05,4.056777394157194,1419
f910e0f2-324b-4cf9-b5b0-c282136b12e1,4.05628342921598,1420
1eebd2e2-ee3b-471f-b3c0-6238d3b43ea2,4.056222889473071,1421
a67a73aa-bcc1-4a48-b1d6-845147096282,4.055980792926228,1422
367c47d7-72ff-42e4-bc06-23b2e4a66609,4.055764098673362,1423
04e4080c-9b55-435d-bc0c-7fbeb50835cc,4.055682257137751,1424
9f241999-f361-4e0c-b7bb-74992feec91c,4.055545313996402,1425
e2676845-7af8-4443-a9b1-6c6a64fbf4ba,4.055129685737546,1426
22f0fe23-5f0b-42ad-aba1-aa4d7f8f3531,4.054026424513036,1427
822ddda0-8b89-491b-a13b-26842bd5ece9,4.05400377128232,1428
2f47ea8b-f893-4a88-ba66-2bbf134bbe57,4.0539915334299215,1429
546490ce-8839-4138-9575-a3e92952d836,4.053887520334252,1430
56bbdb87-b4dc-4f25-9b40-1f5de76afb8d,4.052033032630973,1431
f95dba35-ab5a-41f9-b2d3-06d41f5802c1,4.05132008091423,1432
8ab40ed0-6e97-44bb-ad6a-0260cd961edd,4.05106657844551,1433
e4385796-673f-4cd9-99aa-8179528c4534,4.050562276091567,1434
ac34308c-fd5b-4e98-a889-53468056d1cb,4.049975552461923,1435
bc671a12-cc64-4dc7-be9a-1e2cc1756f32,4.0498970559849665,1436
9c4691f1-038b-422d-8fe9-9bd5f48f5a4f,4.049882255725019,1437
5e3e4f08-ffd7-4f4c-b553-b113b05fb3ab,4.049369956665201,1438
9962037c-41fe-4cde-a99c-2fd048e04a2b,4.049060531103199,1439
6e18530e-e231-410f-884c-a0d5afbe0a0a,4.048479462062065,1440
8b5d0f83-75a7-490c-b4cc-3060aee7845e,4.048217428639303,1441
248a4964-6a82-4599-8108-124d36068b90,4.047180314998255,1442
a2d48a7e-89e8-4d83-9538-18121aa40842,4.047083724480402,1443
86a09a38-e751-4643-bc4e-bc378b27357f,4.046764207957218,1444
e2746bf6-f3ec-4f05-b8bb-6484c1a3bd80,4.046665747460255,1445
8af185a4-ed62-44ce-96bb-eb91f99377bc,4.04612440901319,1446
44490dea-51cb-4b6b-b461-a7b3e009cb15,4.046108246079664,1447
b56eb043-892d-44f2-98e0-e32021375dce,4.045177626785586,1448
df244d93-86f2-406c-b07e-441b6485cc8f,4.044818737654223,1449
c9ef9a24-d2e2-4d53-82ff-6d38a370cbba,4.044099704990332,1450
2d919f2f-d9ed-444e-a9e3-9ef5981d6ebc,4.043678927720409,1451
328142ae-d62d-4318-93a2-3791a0df6fb0,4.042802843049074,1452
44fd2b03-9a02-4802-9559-ae4080c729c1,4.042792417152208,1453
288a8471-a730-40b4-91bc-06ec66679b99,4.042467413999693,1454
f6a02aee-274d-4bb6-a988-7bb11e31c7a6,4.041880514427985,1455
e195fe26-fb9d-4864-820c-b3977ae1192a,4.041285618740913,1456
b2fecb11-23c7-4c69-be4e-6a6f1779e5d7,4.041240763935171,1457
1d42f71e-5946-4438-a1ae-ed3e56b33a0e,4.041134951234698,1458
cd304fd5-c952-4fb6-a119-e58341df808a,4.04109535357204,1459
1659bac5-6795-4aa6-9eab-6371b3c82341,4.040135824434949,1460
9e7fde74-f5ee-4fb6-ab9e-f3278024ec30,4.038416335599117,1461
2409675c-6c18-4509-89a8-6756d83e4d61,4.038354750086313,1462
556bce4e-8d4c-4437-962a-bbdf4cd0713c,4.037637341388148,1463
7c923561-e7dc-4717-b6b3-6a27fbea4037,4.037545938832212,1464
331a9955-2b06-4d65-8dfc-39e14b0d5153,4.037524198434008,1465
4c5555fc-f6d1-4a69-bd80-cc0c5e23552d,4.037005032296701,1466
363eb221-6fca-4c05-a881-534fbbb8d9b9,4.036510473094052,1467
f521ae3b-cf2e-4a14-a4c8-15ad5e02b5ff,4.0363944949523844,1468
38f19169-890b-4384-b89b-a5e1d319bbec,4.0355003087126455,1469
c5937f1f-0c6e-4e98-9f9c-a915a8831cf7,4.035193657176428,1470
af9d6b68-e421-4fcb-a1fb-900aee494b1a,4.034563015705624,1471
b3dd733b-f450-4505-847d-8397ebe0baf4,4.033558655091477,1472
a9086d0c-06a4-412a-b9ad-21c14bd47d5b,4.032587310766605,1473
44c28c76-67ce-402e-bdde-2df4e4859b2a,4.032258872475531,1474
62db9675-e320-4aae-a69b-62bf812eabe2,4.031989587988594,1475
43b40664-62d5-4088-959f-92679898435a,4.031873700190576,1476
b3195211-4d89-4e09-b769-4513d20f37b3,4.031799412365912,1477
e9b5b116-d507-4d7e-bcc7-022d047d6577,4.031504817168627,1478
eee82438-1ab2-4763-b23e-057921ca34ac,4.031353792707834,1479
584ba556-efb8-4916-a806-8e0b36494c95,4.03081380381426,1480
ecff59d5-315d-4aa4-b237-4f23f121f14e,4.030004253292342,1481
81102e82-ed50-4548-be6e-6f02be4cc3e5,4.029645816680163,1482
42dc6562-8c70-42e6-9934-f3d83c278828,4.028993256467261,1483
48c1b98d-a0b6-43f9-90f6-a640f83bb6e5,4.028677935939948,1484
13425677-77b5-4e75-ac74-c94f879de0ce,4.028666880280675,1485
cca9edf9-9e83-4d09-8d01-e5081ed8b474,4.028624396136974,1486
ff38e775-0ca7-4d4e-b5e4-276affe77e9e,4.028395243906998,1487
2adfb171-e25d-46a3-a0d7-ca7801861bd6,4.0281607059102855,1488
69127505-88b5-4e97-a914-4ffb9bbc58ae,4.027743900771265,1489
9f626447-85a1-4765-9b52-d80dded77f26,4.027720669558419,1490
20c0a7db-d823-4279-b2e0-656797ec2d76,4.0265359571198545,1491
4219252d-068c-4dd2-b049-a4503fcba77e,4.025385542740354,1492
6b43e0c3-fe2d-4740-9671-cf7833cb3c26,4.025179998319743,1493
43e7a44d-e7a6-4ccc-a9cc-1c686966db1d,4.024470240306285,1494
916664cc-024e-4640-b2da-0722b7fb7f46,4.024257534750015,1495
8ef7f96f-2d8a-40d6-a4c3-c31c07272699,4.0236099130646705,1496
b754346b-6c0b-45d5-8f92-66d5a25ae8ed,4.023367111486321,1497
c7099087-5cde-4b20-bc95-71fc207aad6e,4.023081292194437,1498
cc9c0eda-3cfc-4bc8-8ac6-2a3fe17a91ad,4.02266809829968,1499
9da3b514-16a7-4d83-b999-f85dbb293761,4.022471580422315,1500
9fc9298b-33d8-4e2d-85d3-41dbe5bd1896,4.02207590139729,1501
99ca98f0-e000-408e-913f-3e4f0299def2,4.021757238905863,1502
8f98c664-7db7-479d-8b04-fa6107688035,4.02142761615394,1503
24ac734d-8c32-470e-bbf5-10a3607af8a4,4.021113243670011,1504
c1acd0fb-b49a-4c2b-be8c-20819b2b47a2,4.021088454142718,1505
25b6d2ea-981d-4ca9-a6a7-3c869caf1a6f,4.020892374472112,1506
dd8c300c-89e7-4569-be84-35e74ed9e061,4.020399912080409,1507
8f8a3faf-cc01-4ec9-b3cc-34ac97a22063,4.018779323080037,1508
e6b1713c-44ba-4c94-8e03-4ee3bb76ab1d,4.018664331939489,1509
ce3ceede-e747-450a-887a-e12e6e6ebcfd,4.0183316558597335,1510
2cf2083e-929a-47a5-b629-b2142636f74c,4.017871460060966,1511
93e23e52-1b40-4cd4-9305-3c38df61e8fe,4.017852762106464,1512
93c58512-bdb2-4b51-b97f-10c4b3e98c80,4.017392431444766,1513
661d3ec9-163e-4e57-b0d4-be98006b96de,4.017235362754147,1514
ffa14426-5b5b-400e-9f94-38f5b0db3e3a,4.017006429407253,1515
c6cf29fc-d415-476c-ac82-36ccd504b1f9,4.016482725562637,1516
c3d0494b-e1c2-479e-a816-5ffe07aaa8a1,4.016347494011915,1517
22cb36d6-7a85-4087-844a-f034013462b2,4.01629667080666,1518
037b4ca7-c0d2-4273-a06b-b4c7a4befdf1,4.016143809818456,1519
4a92ce9b-71a3-4bf2-84d3-d5c6ed592620,4.015146629755529,1520
84d3e1fb-9655-4bef-8041-75aca353f68f,4.014886335256963,1521
6107cc48-a7b0-492c-b01e-3914c9482ee3,4.014838547647503,1522
d4e3b4b7-7647-429f-baf4-32595c732067,4.014469601443236,1523
c7fbc903-ea9f-4617-a1fe-c130e9936eb3,4.014403524607619,1524
72f43d4a-be10-4b32-9e04-fb498f4379bf,4.014394857544667,1525
cb98431a-21e9-4631-90be-4f44c00e5432,4.013887167555626,1526
294e1d6b-1758-4e92-b427-bf9bdc4124fb,4.0137525814539465,1527
022cd4e8-f223-419a-944e-54ec1ff65262,4.013390054810093,1528
05ca551f-cb83-419a-b144-a161455b2ae5,4.013320687013039,1529
7f79298a-1a76-4bec-893e-36b8005a031b,4.013292388531376,1530
bd3d3804-2176-47f6-8b8f-feba1c64e536,4.0125548856478535,1531
3c9a24de-070a-4346-af53-3a33e95b379d,4.012367688089622,1532
96585640-28e7-4ff5-a83c-35a764f657b9,4.011584865023329,1533
0336774c-7738-421c-baf1-79ee78a3a29b,4.009856833352723,1534
b5977543-099e-40f1-9d7d-4653ccda383a,4.0093404989914925,1535
95aebdac-c51a-4818-9f72-0e61e722d9d4,4.008942301066001,1536
a651f654-b57f-47c9-87fe-03bb52dee6e0,4.00825934894865,1537
98405df8-a3c9-4745-9933-1a3bcc4efe07,4.007550560135728,1538
cf425fe6-59d2-48b4-ba67-ddaa7dd1093e,4.006883233276226,1539
40c3b250-cee7-420b-9e18-9c981881e77d,4.0067806288591035,1540
4571b469-17a4-462e-8f5d-19b817735072,4.006221228099182,1541
6d919dba-82df-4c60-8252-a75fc5eef4e2,4.006040194003865,1542
2e85a567-ed7e-4156-86f3-2c78a4e8a941,4.005906931251655,1543
7fbc8ef6-1546-4c2b-a34e-0bb0c74033ea,4.005810513479051,1544
be552565-dbd3-44bf-9dff-687ae8dbda63,4.0057185891489535,1545
0861104b-862c-4b8a-98ec-d2a9c175d5d5,4.00519585138988,1546
fc683963-b60d-47de-a828-eb169e40f7fa,4.005057349971293,1547
d19b147e-fe31-4621-8599-b42681668d8b,4.005000965501766,1548
c6c03a85-0ac4-433d-962d-eade431be4f1,4.004718814595462,1549
3759584c-3a2a-42c3-bcba-46b02fa80645,4.0039283915750925,1550
0248eb87-8d36-476b-9502-2d6e1574f5dc,4.002705532112335,1551
b8bf75d7-e346-439a-b5b0-8521c08ecf25,4.002580352354714,1552
1b7b3480-2dd2-4fa3-b10c-d1d599fd8752,4.002139094314192,1553
1269dac3-4f28-4927-b8a2-bcf949593e3a,4.000613713596975,1554
ec5fe3d3-9b31-4999-b7a0-5354a7153d9c,4.000223452742523,1555
a3efad7e-1ddb-4f5b-a595-322938b1b392,3.9998108109117676,1556
38c05637-6e41-477e-bcc5-607baa8e215c,3.9996980043294146,1557
0afd51d5-d22f-48fe-8485-4790122234c5,3.999585719398409,1558
3ad5a499-5fe4-44ae-a384-d3dd7c51967b,3.9992853635583843,1559
f135ccd0-dcdb-4c98-96a1-b678b8d6c464,3.999045708376784,1560
eb048d15-d356-4713-ab73-755561b67c8f,3.997892107572822,1561
2db89d58-bdc7-4df1-81bd-549380b9ba0c,3.9978150283129423,1562
b13e1bc1-8ca9-4976-ba12-09bfa30c351b,3.996288424032117,1563
f2f2cb04-4669-4273-bb10-5b33bf66bb9a,3.995887223241991,1564
63f51f6f-2540-43d1-b138-f613ba0cdb98,3.995716724594507,1565
c6648492-fdee-4d0a-b528-8ed0741ea057,3.9956043020590064,1566
b0b9a46b-2949-465a-8367-1b01d372a9fc,3.995562561991111,1567
b9b1f53e-bd1c-4e40-844e-c5725594c817,3.9955066470407603,1568
1706ff49-923e-4ab8-9777-c114a6559a3e,3.9941788272084953,1569
2a8bfb2a-73a4-47e7-90a9-16c04f31ca64,3.9938506189456797,1570
eb1eee68-7c51-4e5e-b6d9-885546825ebc,3.9927898079476534,1571
c5c0a6df-8887-4cb5-bd51-b3948c9843f9,3.9926952239497355,1572
b72ec49f-dde6-4b3f-ac86-555335a28cc1,3.9924315769028755,1573
2fdc4c8d-6745-48a4-87f2-885f2084f609,3.9920818897109163,1574
e7c71832-cf1d-4bd8-8ac4-4e6edc967dda,3.991777498282271,1575
5c8be35a-8fc3-441c-877b-f649338acabc,3.9917130475429508,1576
92f8f2be-eb32-48e2-a32f-2b382eb511f1,3.9915589953376607,1577
63139298-dc77-481e-b883-b8f3f61911bf,3.99151307104841,1578
a6651dda-4648-4925-be52-1d2f44c673d1,3.9912678048458616,1579
2f6c090b-f3cd-4686-a785-bb87cde99a50,3.9908433275213664,1580
a73d45f5-bd95-4b94-ad1f-adffb1ccaa69,3.9907684725358092,1581
ba4779e7-fd7b-4021-a4a9-0df62d338c00,3.990586913174986,1582
e97411d1-7b86-461f-a423-699f2174dcc2,3.99032429014752,1583
6cf0fe54-7812-4ee5-9d09-23d0443fa7bd,3.990261951485676,1584
28b050ab-1555-4e29-8371-2d84bf974c45,3.9900391992340194,1585
5797302e-918c-48fe-a02d-8ef70ecf1db8,3.9897914331174604,1586
3cb9e3b3-e047-4946-8316-830101b0fa63,3.9883550183358483,1587
f73d4f22-054d-417c-aafd-9f3b8af8b578,3.9868597024024335,1588
fc41c9fa-f8e3-4afa-bea8-7a61441dea54,3.9866925034895107,1589
06b60f69-89e2-42c6-a645-05292cb442d2,3.986077212647671,1590
c472462e-5613-4292-b35d-8ca736526d43,3.985863793316053,1591
3a4906cb-c134-4fd3-9811-5beba75dab27,3.9855054944884123,1592
b2025292-cd59-41c8-b045-1d2812d774bb,3.9850921387452685,1593
e6a65e5b-32ca-4448-a4cb-6602fd880ad9,3.9830520981917474,1594
dd1b2130-a55b-4c6a-a117-4e5232fb0179,3.9830240794537004,1595
e58b4c85-85ce-4562-aa78-d884c1fd9aaf,3.9819651596011005,1596
0f44d892-ad4a-4965-8c9f-adff988a2180,3.9807301311598455,1597
83ff201d-f92b-424a-906d-9e92110e29e6,3.9804012481953,1598
89005255-eb79-4fba-a163-f16f7c960fb1,3.9803937683155883,1599
71f8459c-ae87-48be-aa93-ae6d60808886,3.9802357907338517,1600
35676c1b-e0bb-4996-ae45-603971c58cbe,3.9801759956823877,1601
b3d82730-21f4-4bff-b28d-1d955d8a8c72,3.9794914410336486,1602
3e082a2c-8e76-402a-89dd-9f5a38cf2c77,3.979467155149381,1603
2ee75fdd-08d9-4770-b2aa-e60e5b7891c1,3.979147453947908,1604
3da73613-8f98-44ea-af1b-e3594426e57d,3.978952024180567,1605
350f0448-efbd-4b99-bf8e-e8bb92909409,3.978488127451519,1606
0996071f-8d6f-46af-adbe-979e768f1bf0,3.9782397121047173,1607
18670149-0bf7-4d5d-b067-ecdf9a46b84d,3.976945640529043,1608
63db125e-251a-4389-a565-958423edd44a,3.9759292547020335,1609
7e253268-106c-42d6-b320-d9678bb1aa0d,3.9755720477415974,1610
3f006d59-3372-4df4-b8fb-209cba24f1ee,3.9755105998676403,1611
c952059b-6c9c-41a6-9444-dc7442a7c003,3.9754986199217153,1612
f5cde73e-1407-47af-b4dc-8dd9e12d3fab,3.9749811665243056,1613
e030dd4e-5c3a-4a45-97e9-56d9d0ff9c8e,3.9745785238606572,1614
96dbe026-c125-46e7-986a-c75344f234c1,3.9745597156404195,1615
340f21d6-6c98-4de5-b027-e3677df2e9b3,3.9737478720119603,1616
60aadc54-2a65-492c-a05a-8e867e1c4135,3.973350718082977,1617
a3142a9b-d890-462b-aad8-8460b6d44c9a,3.972804958688215,1618
08ad5918-fcb2-4bed-ab34-4029a6e026cb,3.9724762106575553,1619
61bf01a7-62b6-4561-bf24-b79a37e428d0,3.971927224820332,1620
88a8274d-c8b4-4bd5-a618-40076f18962e,3.9717945609384646,1621
48653de3-9c2c-4809-8b9a-63b0b2017f61,3.9717582535094564,1622
396cb6f6-c60a-4eb5-931b-5c6c7f74ddaf,3.9717337832879758,1623
da770435-43d9-47d8-a04d-41c6d90edb7e,3.9717284536022905,1624
5d68b48f-2463-4e76-bf4e-3f1d744f4c3c,3.9716624834825733,1625
f95608a6-d786-4229-95b5-d1ca6906d143,3.9713713645716284,1626
888f1034-a489-42f9-96cf-28eeb9a790d2,3.971086561122081,1627
2577e7ea-65a2-420c-aad2-c99c0d1c1898,3.970647455654979,1628
41594d08-86fc-494e-a43a-6bf8e22a56e7,3.970021216480415,1629
1d56abab-decf-46b9-9eca-ecd6865cccb6,3.9697432902435983,1630
1d712840-9b26-4314-aa88-36ab67ebda15,3.9692143920187233,1631
ed4575d7-e342-4b8e-a29b-4749a92ae0f8,3.969211358568303,1632
58ce271a-400f-4be5-bbd4-5b654bb669b4,3.9691207733889504,1633
088bbe83-284c-4838-bc22-64ce6e1ad422,3.9690655576921503,1634
1467e31b-219e-4b07-9539-0865cf006248,3.9682763419859732,1635
a860e04b-5f9b-4fd1-9173-59cb91e70945,3.968157642735446,1636
27bdf70e-c887-428f-b61a-2c3e72db22d7,3.9677873800034327,1637
bc236ebd-83ae-48ea-a32b-fd86801a127a,3.9671440636310478,1638
ea8175fd-193c-4ff0-9353-33ac9a9f052d,3.966846268374293,1639
879c1c49-616f-4d63-8f51-1bcae87ee778,3.966295636288971,1640
7890f00f-2e51-445d-bc23-8e38b0dec90d,3.9662281080312582,1641
47ba1282-dcf3-45f2-98cf-0f9fc90ac552,3.965751799178773,1642
bb0b083b-d2d7-4282-bf1c-13fa238f25f2,3.965555097062641,1643
4d5c8666-d1eb-464b-a11f-e8c27bfed4cd,3.9649854682439707,1644
2f5cd12c-05fc-4404-b834-28de49bb6519,3.9640022801932036,1645
bd9d3e1c-f176-4b8d-ad7b-28abe5deddd3,3.9638716918198167,1646
879cf259-e359-41c7-b12f-4033370b66e5,3.9629297434529147,1647
1d345d6c-6402-4ed0-a322-69b566fd1064,3.9628990673949622,1648
f81b537f-251e-4254-9073-2956c5068d24,3.9627772074685064,1649
46cca377-26f4-4f7e-9426-e639aad29246,3.962453724292975,1650
d51822b7-46e9-4a60-8d9e-2a8b56e72d22,3.962399088943147,1651
5ebaf545-a16b-4a5c-9ea1-1bb9ae6157a2,3.96233677531493,1652
e1042135-5002-4e9f-8f33-8a834b1fab58,3.9622693804309668,1653
305f1e6c-c07d-4245-bec3-272825b80a99,3.961792226459695,1654
f86bad18-6a78-40c9-9762-2b642e11be92,3.9615932159405585,1655
348d1fd2-8644-4af3-a220-4377f67edcf8,3.9608749608096,1656
3a95e252-c8bc-47cc-9b70-0a0de5d4ec4e,3.960682215329966,1657
54a8f962-1d9d-4397-941a-f049f76745d7,3.960331603969812,1658
6ef5f68d-5135-4ac3-a29d-54d1396dc8cf,3.9602541704533283,1659
c9d3c1a9-bac1-4d9b-b5f2-d46519b23342,3.9592641050866435,1660
4c4a666b-97b8-4431-9bcd-7c2651654acb,3.9586680759437196,1661
f50242e6-df82-47ed-9e10-080b62c8022a,3.95850110810496,1662
717989ac-54b1-489a-bb2a-0568ff134110,3.9584554548749464,1663
68ec29b2-76e9-4c5e-941e-9bf945769054,3.958331061246164,1664
994a5ea9-aea4-4a95-b908-87c615537010,3.9581791530226687,1665
8fde2415-5d5b-4a3c-be12-72ce4dac8e73,3.9577639041847505,1666
0dacd1a8-4e9d-4b8a-bda9-1e467b2b4d31,3.9574475739984747,1667
52a932e2-2fb5-4652-82c9-cfd9b7e0c088,3.9573398914246662,1668
cd9fb013-184d-42a0-a0ac-18970de9824f,3.957307411796452,1669
6c16ee7d-187a-4a99-9f42-3b3f0e5ec011,3.9566986868600504,1670
1d03f9a4-aec7-4cd4-b9df-0aa11ed98901,3.9565061789587905,1671
5e766ab6-81b2-4f57-aaf4-db63fc1bfb1a,3.9558823352024346,1672
aa39fe50-1252-41dc-b6a5-ed1eea5d536e,3.9554052072650783,1673
907d991e-95ac-493c-ae69-9d498b7c25c1,3.9552857639401116,1674
95eae9d3-8a78-483f-91b2-15cc1c110cc8,3.955118671517516,1675
a5b1150b-3009-47a5-bd54-164d6de71448,3.955035076098761,1676
9def55bf-388b-42c5-acb8-78dad4e492ec,3.954251948130452,1677
3221ec66-02f9-42e0-b689-85e0c48e7663,3.9536532439386916,1678
d5288cdb-d160-4a05-829a-2e735494d9fa,3.953009526959955,1679
d15f0f98-454f-4e68-a900-1f5c48392638,3.9526853931278088,1680
58e1a3cb-3f8c-4d6f-af42-07d62465615b,3.9524997518140763,1681
12dfcac4-2c58-4946-bce6-76c7c0beee65,3.95230487678612,1682
f1b15324-5c66-4add-8b12-84619aa22d76,3.9519387639426617,1683
922a9b3e-6cd3-4021-b16f-5e6dfe2f55b3,3.951713560842586,1684
fd0f944c-733c-427a-aebb-5548ab94c9c4,3.951227539969939,1685
a1d6d811-edf3-4b01-b365-fbfa6235a7cc,3.9509903646249507,1686
fe154889-8157-49a6-af5a-44989500aa75,3.950861558848028,1687
c437ffed-9e94-471b-ae9a-af1dcfc6ac05,3.9506831300966927,1688
adf595cf-a977-444a-8afd-b84be35d7873,3.950074977716838,1689
ca03319a-f9bf-451e-b58b-38a58d218788,3.949718735714409,1690
8aab7cb9-5339-4347-ad8d-c47d81a742a6,3.9493840242756693,1691
44f2d5db-ca2e-49ad-ad70-1fd529e3ac46,3.9493163465463628,1692
5c275e5d-9134-4879-a827-d341cc2f03a3,3.9484299455588148,1693
e59d37a3-2bb0-4120-8625-6a02d662f0b4,3.94831032763096,1694
7a0174c2-df05-4077-8616-50d22ee00523,3.9478627081760584,1695
53c44b4c-48f0-480e-a83f-8c7d15c13861,3.947153997502231,1696
3b7731f7-fbff-4d59-bfef-8808e6766f47,3.9469733783170295,1697
d431e00a-f1a0-4fef-ba43-43f61df0ef69,3.9467535682541173,1698
9c949a70-3b2b-42bf-986c-e131593fdf05,3.9464470857295684,1699
dbc12d1e-ec32-4025-9e10-967dfee3bf41,3.9462797402099477,1700
3d98b786-69b2-475e-a0fd-bc8826458fc4,3.945743608391183,1701
a402bb31-fe9c-4d0c-a66e-1fe2e0dba9a2,3.945555706776704,1702
254a6290-c3e3-48bb-a7d8-22247fe56e47,3.945413244606885,1703
e0e6a1a6-548c-4dfe-8fe6-cdf382ab47bb,3.944358444750102,1704
945c9fd1-b076-4eb9-8e3d-5483008599ec,3.9442693724633515,1705
a68eca1b-d561-4bc7-abe4-7f185d5c2331,3.9442475978960636,1706
ded3ef71-6198-4246-914b-8c1db59c02bf,3.9442334550639764,1707
3f60c2b6-a46c-4759-8c26-8b35ac312e38,3.9441143157688936,1708
58888b57-9076-4cd8-bd57-dce6f9c94209,3.944076280725798,1709
2d07167e-3bd6-46b9-a52e-e43da37dd6fd,3.9431569220159095,1710
3f377df6-8984-44d7-b41f-707ab42e6290,3.943098818676342,1711
c2f8e187-ff4a-43be-8c2f-217d608e5637,3.9417367505633445,1712
93da6e46-1fb6-4a66-a098-6aae16f5e532,3.9416363447686282,1713
8f1fe745-eeb5-4df8-b4a8-e2d10c33976c,3.94131010987717,1714
e68bb78e-0833-4373-b975-009f4d205ee3,3.9413007716794612,1715
f5f8a7d3-947b-40ba-87ee-02c6cb706aeb,3.9410134877084535,1716
20e36d59-de23-4154-8aac-89a6c84d4a35,3.94066846570802,1717
6eccd56b-645d-4c5a-9e55-f7476dd6694e,3.9403074786166465,1718
a8743319-a586-4c92-b794-75e8bd7befba,3.9399799964884683,1719
8f80320c-e515-4a16-a6d4-11e9e16196c2,3.9393739784985353,1720
7357d2a5-29e2-471b-95f1-02a0109f3b9a,3.939256695401299,1721
e9782d99-0629-4a67-8907-5f5d1c12542b,3.9391597685461757,1722
3905ae38-9b73-45da-bb47-a781c468cd7d,3.938887911260732,1723
1bd5c7b8-a205-4843-8ea8-c980de064692,3.9387382524535552,1724
7dde7655-1ba2-4143-ad4e-85ac18e3a8d2,3.9386434373658967,1725
41d809e9-e657-4d51-9f60-d27327b5ff09,3.9384748931333045,1726
ac911ec1-5adc-4c66-9749-c341f2694d3f,3.938250529474931,1727
2661e0d9-9be5-4c11-9460-d7f8f780e5f0,3.938196938666929,1728
dea5cb67-689d-4cd9-ad57-1515f601c63b,3.937429595708513,1729
d0496688-e556-4309-a476-1729bd71b2aa,3.937300937287339,1730
db883aad-9950-4ff6-9432-b962dd14b38f,3.9363399590311463,1731
3822d84d-25e6-4667-abe8-786df692d4df,3.9359396661353743,1732
97bda3a1-a267-4a3c-8ace-02eea0b7bff7,3.9359103525373786,1733
2f0ab826-266d-4d81-9af2-4f908f87e7fa,3.935804014927185,1734
9c4313b3-f0f5-4d41-88d5-74b38fb9bb37,3.9357178065242246,1735
785467b8-204d-473f-a9a0-9d3a4eb1defd,3.935699464946122,1736
21195f4b-f79d-4627-b25e-a40e64a6ff12,3.9351675052401505,1737
d735e0b8-bf38-4893-ba5f-3894492ff327,3.9348020423345047,1738
4f0dfd7c-adac-489e-b101-2e70bed7252b,3.9346352867319796,1739
0fe602af-100a-4d23-981b-19f6490e1edd,3.934420000550112,1740
43ccdbc3-4848-4b35-a893-7b8171299ed8,3.934411808316589,1741
5b421211-0fab-4744-abe8-5aca74ab933d,3.934373308222176,1742
8854ce5f-9c9d-4db3-8ab2-9333b6ab951a,3.9341926213423886,1743
2b10ab64-d84f-4e2c-a35f-c2fdf5470106,3.9332399593453267,1744
e2686bc1-6bbc-4b4d-8336-0e0cdf368508,3.9329556597306494,1745
47291a71-033c-401d-bbe3-2f03fc7ea7d0,3.932872699495707,1746
14b11b52-94cd-4fe3-aa4a-4817cf213db9,3.932175925973679,1747
2886d95d-7b3b-44dd-a94e-14921cb08a64,3.9321286728913316,1748
2932f97b-767e-4c20-99c3-5e0a58cf3c15,3.931716044627158,1749
fa8a26bf-5438-42bf-b19f-406831623288,3.93143055157836,1750
a17aa36f-d43f-4923-96f4-66ee877d7343,3.930839173906503,1751
b400bb55-00c9-4302-8ffc-d2e4180288e6,3.9304326690555556,1752
44cf215b-79a0-4baa-b5f1-50e729a6c74a,3.929857507280548,1753
4cb2208a-5f71-4cf9-b93b-cec1cefde128,3.9296457720864892,1754
fc71eb65-e12f-40b4-817f-6fd68ed208df,3.929291100089865,1755
d8625bfc-4747-4c3c-9fa9-e2f5a9fc25de,3.928413466056288,1756
a84eb43d-4f09-4ce2-a803-c8e76d095c5c,3.9283171539128565,1757
1dca2a8d-3c63-4a39-ac34-34e93a58ae1e,3.9274574514349365,1758
a4f3315b-4335-47fe-acb1-99ec4439faf5,3.927358960261302,1759
3ac868a3-b54f-4a03-b758-cecfd4bbab9c,3.9271438398686542,1760
7dca4a69-9d9d-4a92-b115-e84e7a302d9e,3.9267598530417436,1761
b2e0b139-ad93-4085-b8ce-5167baf89fee,3.925739470595584,1762
f5c2ac1d-7b89-4f13-8aba-d6ec108d3446,3.9252359888563535,1763
1443246e-0140-45c3-aa86-ab00ce64caf8,3.9251528522148167,1764
4f1837d1-bd47-4dbe-9eb8-e336b864ae3a,3.924741457036208,1765
ff74d079-30fe-4451-9ad5-5955671a0ba8,3.924626825785804,1766
5cef131e-ad1e-4d2b-9f5a-c7f4fad9dda7,3.9245123388426464,1767
d4b98448-7f3c-4b17-ab90-0e82fd2a079c,3.923814529098521,1768
15fd061f-403a-4bd8-8529-127955d6b8c2,3.9233377549358464,1769
aa48db4a-00e1-4e68-9da1-f872af610422,3.9225647142745346,1770
f7da031e-353f-4c80-9ea4-34a3173cef77,3.921499984856876,1771
26d29265-ef52-4070-ab18-6dc9c58f36fb,3.9212961923521252,1772
b51b752f-6326-4142-b48b-0fddf52d2681,3.921135913350267,1773
281aac68-8629-4e50-b313-3fe26f1144c0,3.9209741492319403,1774
c7cb2add-9b7b-4ef6-8064-7712fb9fda9b,3.920882726984857,1775
55fc297d-be1d-4323-bd24-b965fa247ec7,3.920826020335056,1776
e1eafcdb-e9a5-4289-8b07-74f3446ff790,3.9208252256350535,1777
38eeb14f-cd84-4894-9ee3-2562d10a05c6,3.9206001813883984,1778
003150f6-b35b-41dd-963c-cc8d3898ba9b,3.9198947289439254,1779
d0d6e88c-ef97-4daf-a728-bf74dff4e29f,3.919671031635805,1780
08db3123-a24c-4c94-9089-59895541c3ce,3.9195441495203425,1781
275f99fb-ec30-46a8-bb97-79cf59fdf9c6,3.919481105468433,1782
e3bc1831-dcb0-43e9-844d-02065cd1b135,3.9192072643600984,1783
4a1086a6-0e70-41da-aa79-324915673da8,3.9189203711390572,1784
eaec3aa9-32d2-470c-8131-eec33b64dff8,3.918728669604546,1785
6b179907-1502-42b3-9084-77d2bf29e893,3.918105421747103,1786
74b571c4-7e5c-4f09-9b24-e690dca7d797,3.917448414793197,1787
775a46ec-3681-4695-be00-0da7e2347d1b,3.9172591902692275,1788
1fe0ac56-4606-4971-9bb0-e10e1eea0b97,3.9172390482703205,1789
4b35e123-8200-4a7f-a555-5f78799f1433,3.9163886503449348,1790
f4d73d21-dc14-4c7d-9e60-2c39f7880cf9,3.9159354698904836,1791
f4e8e63d-d9c8-487f-9760-b5007a90d65a,3.9155897274602878,1792
c2581f97-4749-403d-9569-38c426b627ed,3.915157971296164,1793
611acf9d-93c1-401d-9e1e-a8bb196073ab,3.915081205590218,1794
7b1aed84-5159-449c-8a84-4d8ab6f93cd8,3.9147485554126122,1795
267fcd73-8fd1-4972-9933-1a2b7c2d81fe,3.9146602491087465,1796
a0c3f35b-afe9-4214-a317-7399c56f7241,3.91442852220488,1797
1e1b96b6-7485-4283-b63e-167799119e46,3.914031405076158,1798
33d13f39-a35b-4873-8193-be8f8443c4bd,3.9131603596665827,1799
79be7198-0328-4f64-8228-270961f9335d,3.913124520686141,1800
0588d377-6381-46df-8cd7-6e966a954ecc,3.9128168652117252,1801
cc8c0356-eca3-47b4-9537-185fce593859,3.9124606026451416,1802
7193107e-1ba9-4c89-9213-069222a71ef7,3.9120950034592057,1803
b2dcba65-a53a-4221-a6f9-abeed093febb,3.9118324019318056,1804
be6c3141-2e81-4328-bd45-74df45c32370,3.9113273524162038,1805
59f4ef87-336f-4e88-a009-71e8285fb8bd,3.910966514597212,1806
a04b0159-9c17-42d9-aa65-c9dd00259f40,3.910934374402505,1807
577ff60d-22ea-480c-8216-c0cf399a342d,3.910905126612508,1808
09b63748-780d-495a-ac91-68b53a928aed,3.9108139464104514,1809
cc037d71-1330-421c-a08f-542debed7f26,3.910764456121493,1810
6e17d28c-6749-4087-9186-1c9f62ba908b,3.9105950103144136,1811
54c6e5d2-909d-4c5d-ab42-f800d37432db,3.910252118256421,1812
4c343abf-c943-4ec5-a550-3f3c2204ba9b,3.9099419579818857,1813
fb9b82aa-dff1-4110-af59-3c44bb9fab48,3.9095075717848604,1814
e3e1a0ca-b32a-42ae-9940-8216b989f064,3.909414737469624,1815
dfd211b6-40f1-4af0-8d48-f4d4b08ed55c,3.909274180708445,1816
e6049bdf-9041-44dd-ad63-99b994e49e54,3.909190107782178,1817
33c17769-2dda-4417-b90a-2f56b931f037,3.908309231334934,1818
ce7db52d-43f6-4ed7-9647-97d1c2c8f6ac,3.908257131422266,1819
f7ed1eb9-77d4-40f6-af3f-d638e2e47d38,3.9082122201883296,1820
df0d94a6-5348-417b-83a5-3706d8762501,3.907830896123191,1821
b5687227-aa1a-4a27-ac00-64f53332d329,3.9077176707801913,1822
fcdf17cc-3afb-40ed-af7d-fbf5ec951789,3.9070662214414025,1823
7e2039cf-80c4-48e6-9758-37f68e385ffe,3.9069730824603326,1824
b502387b-5a7f-4fb2-aa00-ff1378c0e464,3.9067659126860783,1825
af6fc54e-06c7-4661-8677-725b5e1d485b,3.906424437968025,1826
cf3ef030-5a52-4f6f-bfac-177058487b6e,3.905705882890846,1827
446aec8a-31c1-4a9c-a265-897bbdaf71f6,3.905333924629186,1828
e2d72446-2074-47eb-9a46-a8f088740d2e,3.9052165508408327,1829
7b7e1f9c-f014-40f9-87d3-bae1ea3664e0,3.9048449177162556,1830
230b671d-1a76-4212-b91b-6c08f65c381e,3.9047005082890354,1831
aac49b4b-6e62-40dd-b815-513a574cd6b1,3.903240224184587,1832
3277f4cf-072c-4897-a6fa-d37c027a7dac,3.902724099781783,1833
ff8cf33d-6bfb-4c32-b1f9-50cfa4db656d,3.901577992834226,1834
74c558d0-166e-4538-80e0-9d82297c49dc,3.90133624947152,1835
52079656-f667-4eeb-8c9e-d88201cdfa87,3.901097085470533,1836
c5ff7ab0-d212-4935-b705-239980ffb668,3.9004380431776857,1837
0eca600e-c3cb-4bb5-84db-7c9a424f2218,3.900368214276478,1838
357bf23c-9c39-404d-9a3d-88d4296424c9,3.9002101743744624,1839
1cd472ce-141b-4d68-bd86-f97de01befe3,3.900000331143723,1840
ef013abb-323d-41d5-9bb9-befbb6b0448f,3.8996013653066286,1841
2d409b47-2e1b-44f3-9bcf-817ca6880b01,3.8994994160865173,1842
ae5148c4-3a9a-4a88-81fd-89a1bfac25e2,3.899497843519163,1843
9e9069e3-714d-404d-aa4f-368551211d36,3.899454864947124,1844
187373dd-977b-40fe-86b3-3be6a19b7db5,3.8993876934970673,1845
511fb83c-94f8-47f0-b7bb-d7742c340142,3.899301715783154,1846
bd8fd241-df5d-42cc-8cad-b8a78a40d0bf,3.8992294507176557,1847
be6d7208-986b-4905-a59d-a104d3d1edd2,3.8991675278007487,1848
1bf43b5a-b806-4489-a8f8-ae71699a8846,3.8989130457970664,1849
eb46713a-fbe2-4a23-a5d8-7f13875dca6f,3.898025940128329,1850
eddecc3d-91cf-4ae5-9881-851e937b3ba0,3.8962803909229624,1851
b18779aa-754b-48eb-955a-2fafdd4160a8,3.896184279961474,1852
16b3c7fc-0ad9-4ab3-971c-722e3bfdae00,3.8960420218492953,1853
2c3cad80-1c5b-44db-9428-b7cffc43f51b,3.8951852120021657,1854
e68f0c61-f6d4-4eec-b973-7b9ef146b6d7,3.894858641097644,1855
812ee8fb-b5b1-4951-85b5-a61507f11764,3.894732579139969,1856
7b80b0c2-e377-4c3b-966a-698ee85895b3,3.894722027196547,1857
f8f56315-e8bc-4f64-ac07-f8e55a587a4c,3.8947025164577775,1858
06e0836c-337e-4139-a6f6-7cfe263cc96c,3.8937587257774453,1859
b3bd88f4-9776-4b67-91ea-529726c45907,3.8936641390361415,1860
b61536ea-57c8-4bf6-bccd-e95ec2ff96eb,3.893628235416649,1861
9ca87554-ae72-415f-bce5-8c9043cfaf6d,3.893475845561773,1862
5ca0419e-8157-49c7-86a1-b90a467c2f4d,3.8931623694521162,1863
e20ecb4a-a7eb-44db-8b58-02438f84bf0a,3.8929300319609563,1864
ec1cec12-8fbb-468c-83ae-3e27697f2493,3.8927613477974266,1865
6d690a46-ea3f-4a3b-9476-940aa0ba6fcc,3.892663056364567,1866
d3a45541-0767-41a2-9b2f-b477dcf3b6eb,3.892588668331721,1867
8e34bbff-2ba6-40a5-90ae-7f69cf65507e,3.8924406941843417,1868
3fdecac6-b58c-4172-ba32-38767dbe93be,3.892151760041822,1869
66cbbac7-51f0-4cf4-a8f5-e6d8cf605a01,3.89172976418964,1870
db5f7a33-1249-4b8b-b411-465c7fb7a892,3.8913236179918873,1871
c8490b2a-31c2-47c2-8a59-cbd474924fd9,3.8913025710526754,1872
3590605e-7b37-437f-8ef6-6d6218a2e6ed,3.8908412343297485,1873
1f4b4151-580e-4a81-9002-3cbfa939ab66,3.8891547501761865,1874
0147fc71-8525-40c0-b691-203746952056,3.8890363244209754,1875
c45ed178-b88f-4776-98fd-6fc44073b91e,3.8889001576493722,1876
0f4f4f90-b396-4b92-844c-3a0706b14981,3.888171832818994,1877
86555e34-4afb-4f3e-864d-749489069085,3.888147014269615,1878
b5e3c033-c6c5-416b-abeb-a793907db351,3.887758053691555,1879
c6d28aba-9f0a-48ee-8c66-0efdfbdcc641,3.887189372102467,1880
47d172fa-f994-4685-b9ff-6d2a4fd92411,3.887044275740231,1881
1343c618-8b24-489e-99c6-f7203e5317a8,3.8868161829192904,1882
4579079b-3a43-4673-ad2b-f63488870af9,3.886791703034613,1883
974f8c24-57c8-420a-89e5-399c0bd5e09f,3.8865594620553,1884
a49d9332-2708-4359-887f-c705f48f0c57,3.886515778901232,1885
f06420ae-9115-4322-9d36-e274a48ff0bc,3.8864257422590014,1886
984c238d-b8ec-4374-b539-7f7403b9888b,3.886243683405762,1887
0ede6611-c1de-47a0-aeca-064483e725fb,3.886030075430502,1888
3ffd2cb4-0829-452c-82f8-edaaede177e9,3.884789103415731,1889
7cc792f8-1719-4ec2-b493-04fbe9443770,3.8845941034965517,1890
218e0f01-4d45-458f-8e1d-d9ffbd1a2321,3.8845737631538917,1891
d95390ab-1b9f-4cbd-926b-244e18448dc8,3.883808992736269,1892
a2bd25c1-d9bf-448c-8aa5-b420b0e66b8b,3.8833780552203203,1893
348f08ac-721e-4ceb-b147-3750c4c66bfe,3.8833773006858885,1894
f693642a-d346-4549-8dcf-83b1e65a8627,3.882995074107841,1895
f3293828-120b-4013-bded-7ffc38bc214d,3.882992803095821,1896
ca68d99f-ac7d-4157-8062-232ecf4c0753,3.8827353093924213,1897
3bedf769-ae2c-41ee-bcac-699385baa714,3.8822064815605506,1898
385cc53d-2fc8-4023-95db-c3f7cdec5216,3.8820024246495315,1899
fa77dacf-f01e-4e86-a980-b59a797c7b02,3.881826877294607,1900
d6c0211d-22a8-4f99-9dce-ed404477d0df,3.881195197323893,1901
bcddc7a3-8fb6-4cdf-8620-3bfbb04fa1c1,3.881070124422459,1902
79c7ba1b-5f79-4bac-8593-b371e0cb8369,3.8805119930761296,1903
82d597ba-0e03-444d-95d4-5ec50c3cc7f5,3.880478498422192,1904
d7451f05-1dc0-4019-bb6c-e894d15a6b22,3.880475039888379,1905
f7dd8719-49b7-4be1-a82e-314f2b4a540d,3.8799544232052847,1906
ad57a6eb-a6a1-4725-a985-59e554360c57,3.879632510325208,1907
ce63570f-e737-4151-b234-b557484b87b3,3.8795394147001785,1908
5ca56ee1-21a2-499b-b21e-404f410fd734,3.8794145564378804,1909
ebb8c462-f677-421b-a769-3b4dd58c1a66,3.8781028931312234,1910
89cc89d0-e1fa-4ea4-b6ba-ab8905c8bf92,3.877753630388419,1911
3fa1d83d-65f2-4644-a0aa-324b01ed5627,3.8777536105386923,1912
4f69d3fd-e0a3-47fa-931e-88e11f5b4329,3.8776396122752024,1913
70e656e9-b3f1-4609-89b1-babe62a919d4,3.8774101054180616,1914
8296c0e1-2b9c-402d-9eee-22ed726855b6,3.87728271961661,1915
66721812-a200-44d9-bd97-12c29955a677,3.877051214452719,1916
70de860b-00fc-4506-a865-1f5c9b5bdb00,3.876903460499135,1917
d7baa056-1c28-46d5-9397-2fd432f0c028,3.8768281650172427,1918
c39c55e1-6e93-42e4-8aca-0d423e640fdc,3.8760969882618497,1919
f7153a39-67d0-4f0f-84b9-035ef95bcd38,3.87581622196732,1920
989242ae-aa22-452e-b420-b117d3ea42f1,3.875264162579042,1921
0c174b8e-ca42-4c9d-91b3-db4e40caeef3,3.8750611319980353,1922
b9af269f-2ca7-4b2a-b5b4-6fe1c127ee94,3.874994274850474,1923
d6df77b0-2c8f-4fc6-8d18-1287a48a3970,3.8744722040314135,1924
0799b6e1-7a5c-4f01-8eaf-024c18893cca,3.8743068553507847,1925
9506dcf3-848a-457e-aadf-260fd9258c6b,3.874170932562055,1926
246816ef-c662-42a3-8b47-f50b6c6ba5f2,3.873658111315995,1927
a5bfc152-2257-45c2-8878-b24b41169f91,3.873580323055612,1928
6411a8a2-df08-486e-8b96-af9ff8197edc,3.873477753036277,1929
c378fb89-ac3b-4b70-9bd6-608992aa7142,3.8734642067079976,1930
3c5df780-2ece-4b4b-b59f-7a4de92620a6,3.873462052369112,1931
a28d5485-1c8d-42ab-a207-2d8eb9cb2563,3.87334550134481,1932
f383dc8e-f9e7-4a05-bd01-bbb8610cbdea,3.8732865968027914,1933
fae48fa1-3aa9-4a62-a0d5-9817402a68b2,3.873218938281549,1934
fbbdb023-7df7-44a1-bb1c-8900c54974de,3.87314031715843,1935
08aebe5b-e2e5-4777-b592-481d14fce69d,3.8730238009825646,1936
8c6ade81-4246-42b7-8ff8-3abe549e3e70,3.8729502491230297,1937
2a769a53-e4ce-4c45-a0e7-9ddf5d52ff87,3.8728100462979342,1938
a10d991d-7648-4ec2-8a42-2c579673430c,3.8727716223457547,1939
fbcf2d4a-2314-424d-abcb-bc990a90c1ee,3.8724701068742617,1940
da7e270f-bbef-45e7-9979-e6c8193d34ca,3.872225538552445,1941
c1ad3fd3-b6dc-496c-8909-cb9314d9f910,3.8722058521628075,1942
52d49ba8-fef6-47c2-a9d2-a33fdf5ae510,3.8721664595446375,1943
461b3ac4-6d2b-4b24-bcfd-b58f81b10a90,3.8716009386074544,1944
e3c0ccca-eafb-4a89-b951-382db91467af,3.8712114900676164,1945
8843e0bd-e700-4b4f-a3a7-64927bc80790,3.8706536517216112,1946
fda8fd03-ab02-4883-949a-62672258c77e,3.8699814257440774,1947
99e24899-8094-45f1-96ae-4f6a92ddc6bb,3.869579457601975,1948
29933e42-ae1b-452f-aab3-68fdbbe33090,3.869040073758605,1949
a20eb9c0-6614-4ad7-ae1a-0d5f8cc94b0f,3.8687984782223825,1950
107e2b68-2f45-4dc8-8b4c-2975f4f266fe,3.868754866837084,1951
3f9f2aa8-cc1b-45d1-9a86-df434693f3f5,3.86871899211437,1952
525da250-afa9-4acc-ada1-ed199218411b,3.8686949284464793,1953
03734d6f-fb46-4161-bda7-52581ec09c79,3.868615743548524,1954
a9086711-8b30-4c52-9b4b-d50a3146482e,3.867988116465273,1955
54156533-4208-4513-bb92-95a8cf6a3550,3.8676965677229065,1956
98d0f59d-38b0-406e-98b5-641a7313a365,3.8668065457694083,1957
9b83433e-a3d5-4e95-b7da-ba37a193c929,3.8666584117941074,1958
3925bfc3-737e-44e8-b9a9-9204f551d4f8,3.866278565286515,1959
08503ed2-7820-4ab6-9ad7-c583ea910ad3,3.866208809998558,1960
1c87c715-0655-4ad0-b0a3-f5922c3f117d,3.865822313404097,1961
80c0df3d-94d2-4b9a-bffd-bbee471dfdd9,3.865368846269785,1962
79cb48be-13ba-41b0-af82-f7dde34f44eb,3.8650688786294887,1963
542ae595-4d89-47e4-a9a0-26c9d14e0575,3.864952167841305,1964
78a78c3b-cea8-4a04-a7a7-3465b427052b,3.864840231797908,1965
0081d9f6-049a-4254-b909-b14296e7f4b4,3.864756266363954,1966
6c659363-a3f4-45ee-92d4-dc7e2773967f,3.86448006673733,1967
f8bf22b9-d63f-42f4-893a-3c2180f24b88,3.864425460042059,1968
0c8ff927-ca74-4d94-aaf1-1a890729899f,3.8639636837271176,1969
60247317-577d-4395-99d6-b6081c19f3f4,3.8639322657047317,1970
af3b1b73-bc49-458c-b944-0ef5ef065fad,3.8634620923311718,1971
d9abb6ff-e1a3-4723-af1b-023912aa39c9,3.863461737724056,1972
e4b2ac42-d5cd-4847-8603-d73dd4c34fcc,3.86331967001054,1973
2ed538e3-884f-49b5-b590-f7a4a9249b9c,3.863253853383668,1974
c2d2613b-e696-4ade-8b7f-85943a37dcae,3.862974443106798,1975
de015a5b-b1d2-48eb-98c5-71ad16754d28,3.8622768325606254,1976
56bad669-8e35-46c1-80a9-fc129e10a01b,3.8622014183984845,1977
4aa963d4-c256-419c-9696-a8058a5403d3,3.8620301150287104,1978
6a54a06f-f59e-442d-a1cd-ab5a84355e8f,3.8617318408857733,1979
cba8baa6-c7e7-448c-83ca-7d79c8768e84,3.8617143895255395,1980
fdfb870f-6c9a-4832-8f20-38195075cab2,3.861596893584199,1981
8dde4672-fa87-441b-9a2c-6c96b2083fc9,3.8611337612107377,1982
79bf87c0-cae9-4a14-8fe4-84f6be5551da,3.8608559790241728,1983
4cfeca98-8108-40ad-93a3-d468bc4518b3,3.8607164910524507,1984
d45bd0e6-1098-4bb5-bd5c-2114611fc3b6,3.8606870319647792,1985
cbe5220e-8f04-4755-b0cc-6a171daf77d6,3.8606415837971926,1986
a6b8461e-4c2b-4baa-b7fd-c97dc0d975d2,3.8603486760048953,1987
f499bfca-97f5-4881-94e4-e2fba93d04d3,3.86009305318925,1988
cdccb05b-8688-4d44-9f09-aee376cc488b,3.8600888143886496,1989
e20d0a12-e61a-444c-a5b3-68943c0e2a2c,3.8600721288831643,1990
d621c8ed-9940-435f-be16-3a65e172bb4c,3.8596780756452844,1991
f934fe69-469f-4522-8e0a-8953056cd1c5,3.8595682667188274,1992
b288b9b5-3c77-4817-ba77-23004d79c5b4,3.8592093607972093,1993
7f6b2775-0b02-46c3-af31-9d701f10cf34,3.859152985361318,1994
d0d1cc98-046e-41ea-94d7-38726f17b570,3.8582289409155615,1995
f604637a-b867-415f-8de1-2167c69bd974,3.8581697124560748,1996
deda70fd-93dc-4be6-898e-853f526ed39c,3.857716209634801,1997
8aeb779b-1d0a-41e2-8905-60349078e4cd,3.8575353432018,1998
0ec23e8f-c792-4268-894a-585d8550c404,3.8573534946783457,1999
bda6d220-9c9b-4d4c-8939-281a387e1954,3.857105422138289,2000
